no,edition_key,entry_key,work,edition_or_issue,nielsen_number,author,kind,period,year,place,printer,publisher,format,census_key,located,in_trade,recorded_untraced,lost,inferred,placeholder,nielsen_1921_pages,opera_omnia
1,M_CARMEN_1572,ln424,Carmen ad fratrem (1572),Copenhagen 1572,LN 424,Tycho Brahe,edition,I · Copenhagen,1572,Copenhagen,Mads Vingaard (Matthias Vinitor),,Broadsheet (2°),brahe-carmen-ad-fratrem-1572,2,0,1,0,7,0,176,"IX, 173"
2,M_NOVA_1573,ln429,De nova stella (1573),Copenhagen 1573,LN 429,Tycho Brahe,edition,I · Copenhagen,1573,Copenhagen,Lorentz Benedicht,,4°,brahe-de-nova-stella-1573,6,3,14,1,0,0,176–177,"I, 1–72, 309–311"
3,M_PRATENSIS_1584,ln431,Epitaphium Pratensis (1584),Uraniborg 1584,LN 431,Tycho Brahe,edition,II · The Uraniborg press,1584,Uraniborg,,,Broadsheet (2°),brahe-epitaphium-pratensis-1584,1,0,0,0,0,0,179,"IX, 176–177"
4,M_ULFELDT_1584,ln426,Carmen ad Ulfeldium (1584),Uraniborg 1584,LN 426,Tycho Brahe,edition,II · The Uraniborg press,1584,Uraniborg,,,2°,brahe-carmen-ulfeldt-1584,1,0,0,0,0,0,179,"IX, 179–180"
5,M_GJOE_1584,lost-gjoe,Carmen ad Falk Gjøe (1584),Uraniborg 1584 (lost),,Tycho Brahe,lost printing,II · The Uraniborg press,1584,Uraniborg (Hven),,,,brahe-carmen-gjoe-1584,0,0,0,0,0,1,179–180,
6,M_LANGE_1584,lost-lange,Carmen ad Erik Lange (1584),Uraniborg 1584 (lost),,Tycho Brahe,lost printing,II · The Uraniborg press,1584,Uraniborg (Hven),,,,brahe-carmen-lange-1584,0,0,0,0,0,1,179,
7,M_FRANDSEN_1584,lost-frandsen,Elegy on Hans Frandsen (1584),Uraniborg 1584? (lost),,Tycho Brahe,lost printing,II · The Uraniborg press,1584,Uraniborg (Hven),,,,brahe-elegy-frandsen-1584,0,0,0,0,0,1,180,
8,M_ELEGIA_PTOL_1584,lost-ptolemaeus,In effigiem Ptolemaei (1584),Uraniborg 1584? (lost as issued),,Tycho Brahe,conjectured printing,II · The Uraniborg press,1584,Uraniborg (Hven),,,,brahe-elegia-ptolemaeus-1584,0,0,1,0,0,1,,
9,M_KAAS_1585,ln427,Carmen ad Kaasium (1585),Uraniborg 1585,LN 427,Tycho Brahe,edition,II · The Uraniborg press,1585,Uraniborg,,,2°,brahe-carmen-kaas-1585,1,0,0,0,0,0,180–181,"IX, 180–187"
10,M_RANTZAU_1585,ln425,Carmen ad Rantzovium (1585),Uraniborg 1585,LN 425,Tycho Brahe,edition,II · The Uraniborg press,1585,Uraniborg,,,2°,brahe-carmen-rantzau-1585,1,0,0,0,0,0,181–182,"IX, 187–190"
11,M_ICONES_4_976,ln976,Icones instrumentorum duorum (1585),Uraniborg 1585,LN 976,Tycho Brahe,edition,II · The Uraniborg press,1585,Uraniborg,,,2°,brahe-icones-duorum-1585,1,0,0,0,0,0,184,
12,M_ORTHO_1585,rel-orthographia,Orthographia arcis Uranienburg (1585),Uraniborg 1585,LN 1220,Tycho Brahe,edition,II · The Uraniborg press,1585,Uraniborg (Hven),,,Broadsheet,brahe-orthographia-uranienburg-1585,1,0,0,0,0,0,182–183,"VI, 349 (reduced facsimile)"
13,M_DIARIUM_1586,rel-diarium,Diarium astrologicum (1586),Uraniborg 1586,LN 1170,Elias Olsen Morsing,edition,II · The Uraniborg press,1586,Uraniborg,,,4°,brahe-diarium-astrologicum-1586,15,2,3,0,0,0,186–187,"IV, 397–414 (Tycho's preface)"
14,M_DEMUNDI_1588,ln428,De mundi … liber secundus (1588),Uraniborg 1588,LN 428,Tycho Brahe,edition,II · The Uraniborg press,1588,Uraniborg,Christopher Weida,,4°,brahe-de-mundi-1588,25,0,4,0,1,0,188–190,"IV, 1–378, 491–511"
15,M_APOLOGIA_1591,lost-apologia,Apologia ad Craigum (1591; 1598),Uraniborg 1591 (lost),,Tycho Brahe,lost printing,II · The Uraniborg press,1591,Uraniborg (Hven),,,,brahe-apologia-1591,0,0,0,0,0,1,194–195,
16,M_FLEMLOES_1591,rel-flemloes,"Flemløs, Astrologia (1591)",Uraniborg 1591,LN 606,Peder Jacobsen Flemløs,edition,II · The Uraniborg press,1591,Uraniborg,Hans Gaschitz,,8°,brahe-flemloes-astrologia-1591-da,0,0,2,0,0,0,192–193,
17,M_FLEMLOES_1591_DE,rel-flemloes,"Flemløs, Astrologia (1591)",Uraniborg 1591 (German),LN 607,Peder Jacobsen Flemløs,edition,II · The Uraniborg press,1591,Uraniborg (Hven),Hans Gaschitz,,8°,brahe-flemloes-astrologia-1591-de,1,0,2,0,0,0,193–194,
18,M_PROG_1592,ln433,Progymnasmata (1592; completed 1602),Uraniborg 1592 (unfinished printing),LN 433,Tycho Brahe,edition (unfinished printing),II · The Uraniborg press,1592,Uraniborg,,,4°,brahe-progymnasmata-1592-uraniborg,0,0,2,1,0,0,195–199,II–III
19,M_ICONES_1596,ln975,Icones instrumentorum (c. 1596),Uraniborg c.1596,LN 975,Tycho Brahe,edition,II · The Uraniborg press,1596,Uraniborg,,,4°,brahe-icones-1596,1,1,2,0,0,0,202–204,
20,M_EPIST_1596,ln430,Epistolae astronomicae (1596),Uraniborg 1596,LN 430,Tycho Brahe,edition,II · The Uraniborg press,1596,Uraniborg,,,4°,brahe-epistolae-1596,11,10,7,1,0,0,199–201,VI
21,M_APOLOGIA_1598,lost-apologia,Apologia ad Craigum (1591; 1598),Hamburg 1598 (lost; the author's statement),,Tycho Brahe,lost printing (the author's statement),III · Wandsbek,1598,Wandsbek/Hamburg,Philip de Ohr,,,brahe-apologia-1598-wandsbeck,0,0,0,0,0,1,207,
22,M_MECH_1598,ln432,Mechanica (1598),Wandsbek 1598,LN 432,Tycho Brahe,edition,III · Wandsbek,1598,Wandsbek,Philip de Ohr,,2°,brahe-mechanica-1598-wandsbek,21,4,30,6,0,0,205–207,"V, 1–162, 317–327"
23,M_PROG_1602,ln433,Progymnasmata (1592; completed 1602),"Prague 1602 (Schumann, completed)",,Tycho Brahe,completion,Posthumous printings,1602,Prague,,,4°,brahe-progymnasmata-1602,9,0,0,0,0,0,209–210,II–III
24,M_EPIST_1602,ln430,Epistolae astronomicae (1596),Nuremberg 1602 (Hülsius),,Tycho Brahe,re-issue,Posthumous printings,1602,Nuremberg,,Levinus Hülsius,4°,,,,,,,,211–212,
25,M_MECH_1602,ln432,Mechanica (1598),Nuremberg 1602 (Hülsius/Lochner = Norman 320),,Tycho Brahe,reprint,Posthumous printings,1602,Nuremberg,Christoph Lochner,Levinus Hülsius,2°,brahe-mechanica-1602-nuremberg,10,6,9,0,0,0,212,
26,M_DEMUNDI_1603,ln428,De mundi … liber secundus (1588),Prague 1603 (Schumann re-issue),,Tycho Brahe,re-issue,Posthumous printings,1603,Prague,,,4°,,,,,,,,211,
27,M_DEMUNDI_1610,ln428,De mundi … liber secundus (1588),Frankfurt 1610 (Tampach),,Tycho Brahe,re-issue,Posthumous printings,1610,Frankfurt,,Gottfried Tampach,4°,,,,,,,,213,
28,M_PROG_1610,ln433,Progymnasmata (1592; completed 1602),Frankfurt 1610 (Tampach),,Tycho Brahe,re-issue,Posthumous printings,1610,Frankfurt,,Gottfried Tampach,4°,,,,,,,,212–213,
29,M_EPIST_1610,ln430,Epistolae astronomicae (1596),Frankfurt 1610 (Tampach),,Tycho Brahe,re-issue,Posthumous printings,1610,Frankfurt,,Gottfried Tampach,4°,,,,,,,,213,
