record_key,name,sort_name,name_latin,name_variants,entry_kind,born,died,dates_display,roles,role_groups,era,seat,seat_lat,seat_lon,seat_basis,letters_sent,letters_received,epistolarium_keys,hven_visits,itinerary_stays,objects,viaf,sources
COR_HANS_AALBORG,Hans Aalborg,"Aalborg, Hans",,Hans (Johannes) Aalborg,person,,,,correspondent,Correspondents only,contemporary,,,,,0,2,Hans Aalborg,0,4,0,,S_EPISTOLARIUM
COR_CORT_ASLAKSEN,Cort Aslaksen,"Aslaksen, Cort",,Cort Aslakssen,person,,,,correspondent,Correspondents only,contemporary,,,,,1,1,Cort Aslaksen,0,1,0,,S_EPISTOLARIUM
COR_MARTIN_BACHAZEK,Martin Bachazek,"Bachazek, Martin",,,person,,,,correspondent,Correspondents only,contemporary,,,,,0,1,Martin Bachazek,0,0,0,,S_EPISTOLARIUM
COR_LUCAS_BACMEISTER,Lucas Bacmeister,"Bacmeister, Lucas",,,person,,,,correspondent,Correspondents only,contemporary,,,,,2,2,Lucas Bacmeister,0,2,0,,S_EPISTOLARIUM
BARTHOLIN,Erasmus (Rasmus) Bartholin,"Bartholin, Erasmus (Rasmus)",,,person,1625,1698,,editor; owner,"Editors, owners and scholars",afterlife,Copenhagen,55.676,12.568,Copenhagen professor; commissioned 1664 to edit Tycho's observations (never completed),0,0,,0,0,0,,S_DREYER; S_THESAURUS
COR_JOHANN_ANTON_BARWITZ,Johann Anton Barvitius,"Barvitius, Johann Anton",,Johann Barwitz; Johannes Barvitius; Johann Anton Barwitz,person,,,,correspondent,Correspondents only,contemporary,,,,,0,2,Johann Anton Barwitz; Johann Barwitz,0,4,0,,S_EPISTOLARIUM
COR_HENRIK_BELOW,Henrik Below,"Below, Henrik",,,person,,,,correspondent,Correspondents only,contemporary,,,,,0,1,Henrik Below,0,0,0,,S_EPISTOLARIUM
BENEDICHT,Lorentz Benedicht,"Benedicht, Lorentz",,,person,,,,printer,The book trade,contemporary,Copenhagen,55.676,12.568,Copenhagen printer,0,0,,0,1,1,,S_NIELSEN1921; S_DBL; S_THESAURUS
COR_GOTTFRIED_VON_BERBISTORF,Gottfried von Berbistorf,"Berbistorf, Gottfried von",,,person,,,,correspondent,Correspondents only,contemporary,,,,,0,1,Gottfried von Berbistorf,0,0,0,,S_EPISTOLARIUM
COR_BERKA_ZBYNĚK_ARCHBISHOP_,"Zbyněk Berka z Dubé, Archbishop of Prague","Berka z Dubé, Zbyněk, Archbishop of Prague",,"Berka Zbyněk, archbishop of Prague",person,,,,correspondent,Correspondents only,contemporary,,,,,1,0,"Berka Zbyněk, archbishop of Prague",0,0,0,,S_EPISTOLARIUM
COR_NIELS_BILD,Niels Bild,"Bild, Niels",,,person,,,,correspondent,Correspondents only,contemporary,,,,,0,1,Niels Bild,0,0,0,,S_EPISTOLARIUM
COR_BEATE_BILLE,Beate Bille,"Bille, Beate",,,person,,,,correspondent; family,Correspondents only; Family and friends,contemporary,,,,,1,1,Beate Bille,1,8,0,,S_CHRISTIANSON; S_EPISTOLARIUM
COR_ESKE_BILLE,Eske Bille,"Bille, Eske",,Eske (Esge) Bille,person,,,,correspondent; family,Correspondents only; Family and friends,contemporary,,,,,3,3,Eske Bille,0,2,0,,S_CHRISTIANSON; S_EPISTOLARIUM
COR_STEEN_BILLE,Steen Bille,"Bille, Steen",,,person,,,,correspondent; family,Correspondents only; Family and friends,contemporary,,,,,1,0,Steen Bille,0,6,0,,S_CHRISTIANSON; S_DREYER; S_EPISTOLARIUM
BLAEU,Willem Janszoon Blaeu,"Blaeu, Willem Janszoon",Guilielmus Janssonius Blaeu,,person,1571,1638,,assistant,Observers and assistants,contemporary,,,,,0,0,,1,1,0,59248003,S_CHRISTIANSON; S_THOREN
COR_BIRGITTE_BØLLE,Birgitte Bølle,"Bølle, Birgitte",,,person,,,,correspondent,Correspondents only,contemporary,,,,,0,1,Birgitte Bølle,0,0,0,,S_EPISTOLARIUM
COR_HUGO_BLOTIUS,Hugo Blotius,"Blotius, Hugo",,,person,,,,correspondent,Correspondents only,contemporary,Vienna,48.208,16.374,"imperial librarian, Vienna",0,2,Hugo Blotius,0,2,0,,S_EPISTOLARIUM
COR_JAQUES_BONGARS,Jacques Bongars,"Bongars, Jacques",,Jaques Bongars,person,,,,correspondent,Correspondents only,contemporary,,,,,3,1,Jaques Bongars,0,0,0,,S_EPISTOLARIUM
COR_JACOB_BORDING,Jacob Bording,"Bording, Jacob",,Jakob Bording,person,,,,correspondent,Correspondents only,contemporary,Güstrow,53.797,12.176,chancellor to Duke Ulrich of Mecklenburg,2,5,Jacob Bording; Jakob Bording,0,1,0,,S_EPISTOLARIUM
COR_AXEL_BRAHE,Axel Brahe,"Brahe, Axel",,,person,,,,correspondent; family,Correspondents only; Family and friends,contemporary,,,,,1,0,Axel Brahe,1,6,0,,S_CHRISTIANSON; S_EPISTOLARIUM
COR_ERIK_BRAHE,Erik Brahe,"Brahe, Erik",,"Erik Brahe, Count of Visingsborg",person,,,,correspondent; family,Correspondents only; Family and friends,contemporary,,,,,1,0,Erik Brahe,0,2,0,,S_CHRISTIANSON; S_EPISTOLARIUM
COR_MAGDALENE_BRAHE,Magdalene Brahe,"Brahe, Magdalene",,Magdalene Tygesdatter,person,,,,correspondent; family,Correspondents only; Family and friends,contemporary,,,,,1,0,Magdalene Brahe,0,8,0,,S_CHRISTIANSON; S_EPISTOLARIUM
COR_PEDER_BRAHE,Peder Brahe,"Brahe, Peder",,,person,,,,correspondent,Correspondents only,contemporary,,,,,0,1,Peder Brahe,0,0,0,,S_EPISTOLARIUM
COR_SOPHIE_BRAHE,Sophie Brahe,"Brahe, Sophie",Sophia Brahea,,person,1556,1643,1556 or 1559 – 1643,correspondent; family,Correspondents only; Family and friends,contemporary,Hven,55.907,12.696,"Tycho's sister, helped at Uraniborg",1,2,Sophie Brahe,36,7,3,50020436,S_CHRISTIANSON; S_ELLEFSEN; S_DSL_URANIA; S_EPISTOLARIUM
COR_STEEN_BRAHE,Steen Brahe,"Brahe, Steen",,,person,,,,correspondent; family,Correspondents only; Family and friends,contemporary,,,,,0,1,Steen Brahe,0,9,0,,S_CHRISTIANSON; S_EPISTOLARIUM
TYCHO,Tycho Brahe,"Brahe, Tycho",,,person,1546,1601,,author; astronomer,Correspondents only; Scientific peers and rivals,contemporary,Hven,55.907,12.696,"Uraniborg, his island seat",283,203,Tycho Brahe,3,0,16,49235888,S_THESAURUS; S_EPISTOLARIUM
COR_MARTIN_BRASCH,Martin Brasch,"Brasch, Martin",,,person,,,,correspondent,Correspondents only,contemporary,,,,,2,4,Martin Brasch,0,0,1,,S_EPISTOLARIUM
COR_NICOLAUS_BRASCHIUS,Nicolaus Braschius,"Braschius, Nicolaus",,,person,,,,correspondent,Correspondents only,contemporary,,,,,1,0,Nicolaus Braschius,0,0,0,,S_EPISTOLARIUM
COR_HEINRICH_BRUCAEUS,Heinrich Brucaeus,"Brucaeus, Heinrich",,,person,1530,1593,,astronomer; correspondent,Scientific peers and rivals; Correspondents only,contemporary,Rostock,54.089,12.14,Rostock physician-mathematician,14,3,Heinrich Brucaeus,0,3,0,,S_EPISTOLARIUM
COR_GEORGE_BUCHANAN,George Buchanan,"Buchanan, George",,,person,,,,correspondent,Correspondents only,contemporary,Edinburgh,55.953,-3.188,"Scottish humanist, tutor to James VI",1,0,George Buchanan,0,0,0,,S_EPISTOLARIUM
COR_DANIEL_BUCRETIUS,Daniel Bucretius,"Bucretius, Daniel",,,person,,,,correspondent,Correspondents only,contemporary,,,,,0,1,Daniel Bucretius,0,0,0,,S_EPISTOLARIUM
COR_JOACHIM_CAMERARIUS,Joachim Camerarius,"Camerarius, Joachim",,Joachim Camerarius the Younger,person,,,,correspondent,Correspondents only,contemporary,Nuremberg,49.452,11.077,Nuremberg physician-humanist,0,2,Joachim Camerarius,0,2,0,,S_EPISTOLARIUM
COR_BALTHASAR_CAMINAEUS,Balthasar Caminaeus,"Caminaeus, Balthasar",,,person,,,,correspondent,Correspondents only,contemporary,,,,,1,0,Balthasar Caminaeus,0,0,0,,S_EPISTOLARIUM
COR_JOHANNES_CASELIUS,Johannes Caselius,"Caselius, Johannes",,,person,,,,correspondent,Correspondents only,contemporary,,,,,1,0,Johannes Caselius,0,0,0,,S_EPISTOLARIUM
COR_OTTAVIO_CAURIAN,Ottavio Caurian,"Caurian, Ottavio",,,person,,,,correspondent,Correspondents only,contemporary,,,,,1,0,Ottavio Caurian,0,0,0,,S_EPISTOLARIUM
COR_ANDERS_CHRISTENSEN,Anders Christensen,"Christensen, Anders",,,person,,,,correspondent,Correspondents only,contemporary,,,,,0,1,Anders Christensen,0,1,0,,S_FRIIS1875; S_EPISTOLARIUM
COR_CHRISTIAN_II_ELECTOR_OF_,"Christian II, Elector of Saxony","Christian II, Elector of Saxony",,,person,,,,correspondent,Correspondents only,contemporary,,,,,0,1,"Christian II, Elector of Saxony",0,1,0,,S_EPISTOLARIUM
CHR4,"Christian IV, King of Denmark","Christian IV, King of Denmark",,"Christian 4.; Christian IV; Prince Christian (later Christian IV); Christian IV (minor, under regents); Crown prince Christian (IV); Christian (IV), king-elect; King Christian IV; Christian IV of Denmark",person,1577,1648,,patron; dedicatee; correspondent,Patrons and dedicatees; Correspondents only,contemporary,Copenhagen,55.676,12.568,King of Denmark,9,5,Christian 4.,5,11,6,71427706,S_DREYER; S_CROSSROADS; S_THESAURUS; S_EPISTOLARIUM
COR_DAVID_CHYTRAEUS,David Chytraeus,"Chytraeus, David",,,person,,,,correspondent,Correspondents only,contemporary,,,,,2,1,David Chytraeus,0,2,0,,S_EPISTOLARIUM
COR_RAPHAEL_CIAPERENIUS,Raphael Ciaperenius,"Ciaperenius, Raphael",,,person,,,,correspondent,Correspondents only,contemporary,,,,,0,1,Raphael Ciaperenius,0,0,0,,S_EPISTOLARIUM
COR_COSIMO_CONCINI,Cosimo Concini,"Concini, Cosimo",,,person,,,,correspondent,Correspondents only,contemporary,,,,,0,2,Cosimo Concini,0,0,0,,S_EPISTOLARIUM
COR_REKTOR_OG_PROFESSORER_VE,The Rector and Professors of the University of Copenhagen,"Copenhagen, University of (Rector and Professors)",,Rektor ved Københavns Universitet; Rektor og professorer ved Københavns Universitet; Rektor og professorerne ved Københavns Universitet,body,,,,correspondent,Correspondents only,contemporary,,,,,1,5,Rektor og professorerne ved Københavns Universitet; Rektor ved Københavns Universitet; Rektor og professorer ved Københavns Universitet,0,0,0,,S_EPISTOLARIUM
CORRADUZ,Rudolf Coraduz (Corraducius),"Coraduz, Rudolf (Corraducius)",,"Rudolf Coraduz; Rudolf Corraduc; Rudolf Corraducius; Rudolf von Coraduz (Coraducius); Rudolf Corraduz; Rudolf Corraduz (Corraducius), Imperial Vice-Chancellor",person,,1606,,patron; dedicatee; correspondent,Patrons and dedicatees; Correspondents only,contemporary,Prague,50.075,14.438,"Imperial Vice-Chancellor, Prague",1,2,Rudolf Coraduz,0,3,2,,S_DREYER; S_MOSLEY; S_THESAURUS; S_EPISTOLARIUM
CRAIG,John Craig,"Craig, John",,,person,,,,antagonist,Scientific peers and rivals,contemporary,Edinburgh,55.953,-3.188,Edinburgh physician,7,2,John Craig,0,0,2,,S_THESAURUS; S_EPISTOLARIUM
COR_THOMAS_CRAIG,Thomas Craig,"Craig, Thomas",,,person,,,,correspondent,Correspondents only,contemporary,Edinburgh,55.953,-3.188,Scottish jurist,1,1,Thomas Craig,0,0,0,,S_EPISTOLARIUM
COR_DANIEL_CRAMER,Daniel Cramer,"Cramer, Daniel",,,person,,,,correspondent,Correspondents only,contemporary,,,,,2,2,Daniel Cramer,0,0,0,,S_EPISTOLARIUM
COR_CHARLES_DE_DANÇAY,Charles de Dançay,"Dançay, Charles de",,Charles de Dancey; Charles de Dancay,person,,,,correspondent,Correspondents only,contemporary,Copenhagen,55.676,12.568,French ambassador to Denmark,3,2,Charles de Dançay,0,5,1,,S_EPISTOLARIUM
COR_HARTWIG_VON_DASSEL,Hartwig von Dassel,"Dassel, Hartwig von",,,person,,,,correspondent,Correspondents only,contemporary,,,,,2,0,Hartwig von Dassel,0,0,0,,S_EPISTOLARIUM
DREYER_J,J. L. E. Dreyer,"Dreyer, J. L. E.",,,person,1852,1926,,scholar; editor; source,"Editors, owners and scholars",afterlife,Copenhagen,55.676,12.568,Danish-born astronomer and biographer,0,0,,0,0,0,,S_THESAURUS
COR_HEINRICH_ELLENBERGER,Heinrich Ellenberger,"Ellenberger, Heinrich",,,person,,,,correspondent,Correspondents only,contemporary,,,,,1,0,Heinrich Ellenberger,0,0,0,,S_EPISTOLARIUM
COR_ERNST_KURFYRSTE_ÆRKEBISK,"Ernst of Bavaria, Archbishop-Elector of Cologne","Ernst of Bavaria, Archbishop-Elector of Cologne",,"Ernst, Elector-Archbishop of Cologne; Ernst, kurfyrste, ærkebiskop af Köln",person,,,,correspondent,Correspondents only,contemporary,Cologne,50.937,6.96,Archbishop-Elector of Cologne,4,0,"Ernst, kurfyrste, ærkebiskop af Köln",0,1,0,,S_EPISTOLARIUM
COR_DAVID_FABRICIUS,David Fabricius,"Fabricius, David",,,person,,,,correspondent,Correspondents only,contemporary,Aurich,53.47,7.48,Frisian pastor-astronomer,1,0,David Fabricius,0,2,0,,S_EPISTOLARIUM
COR_DANIEL_FELS,Daniel Fels,"Fels, Daniel",,,person,,,,correspondent,Correspondents only,contemporary,,,,,1,0,Daniel Fels,0,2,0,,S_EPISTOLARIUM
COR_FERDINANDO_I_DE_MEDICI,Ferdinando I de' Medici,Ferdinando I de' Medici,,Ferdinando de' Medici; Fernando de' Medici,person,,,,correspondent,Correspondents only,contemporary,Florence,43.77,11.256,Grand Duke of Tuscany,1,4,Ferdinando I de' Medici,0,0,0,,S_EPISTOLARIUM
COR_TOBIAS_FISCHER,Tobias Fischer,"Fischer, Tobias",,,person,,,,correspondent,Correspondents only,contemporary,,,,,1,1,Tobias Fischer,0,0,0,,S_EPISTOLARIUM
FLEMLOES,Peder Jacobsen Flemløs,"Flemløs, Peder Jacobsen",,Peter Jacobsen Flemlose; Peder Jakobsen Flemlose; Peder Jacobsen Flemløse,person,1554,1598,,assistant; author,Observers and assistants; Correspondents only,contemporary,Hven,55.907,12.696,Uraniborg assistant,0,0,,0,5,2,,S_CHRISTIANSON; S_NIELSEN1921; S_THESAURUS
COR_WOLFGANG_FRANZIUS,Wolfgang Franzius,"Franzius, Wolfgang",,,person,,,,correspondent,Correspondents only,contemporary,,,,,1,1,Wolfgang Franzius,0,0,0,,S_EPISTOLARIUM
COR_FREDERIK_2,"Frederik II, King of Denmark","Frederik II, King of Denmark",,Frederick II; Frederik II; King Frederik II; Frederik 2.,person,,,,correspondent,Correspondents only,contemporary,Copenhagen,55.676,12.568,"King of Denmark, Tycho's patron",3,0,Frederik 2.,0,15,12,,S_EPISTOLARIUM
COR_CHRISTIAN_FRIIS,Christian Friis,"Friis, Christian",,Christian Friis of Borreby,person,,,,correspondent,Correspondents only,contemporary,,,,,1,2,"Christian Friis; Christoffer Valkendorf, Christian Friis",0,4,0,,S_EPISTOLARIUM
FRIIS,F. R. Friis,"Friis, F. R.",,,person,1836,1910,,scholar; source,"Editors, owners and scholars",afterlife,Copenhagen,55.676,12.568,Danish scholar,0,0,,0,0,0,,S_DREYER; S_DBL; S_THESAURUS
FROBENIUS,Georg Ludwig Frobenius,"Frobenius, Georg Ludwig",,,person,1566,1645,,mathematician; bookseller; author,Scientific peers and rivals; The book trade; Correspondents only,contemporary,Hamburg,53.55,9.99,Hamburg mathematician and bookseller,0,0,,0,5,2,,S_CHRISTIANSON; S_THESAURUS
FROM,Jørgen From,"From, Jørgen",,,person,,1651,,owner,"Editors, owners and scholars",afterlife,,,,,0,0,,0,0,0,,S_CHRISTIANSON; S_THESAURUS
COR_GALILEO_GALILEI,Galileo Galilei,"Galilei, Galileo",,,person,,,,correspondent,Correspondents only,contemporary,Padua,45.406,11.876,professor at Padua,0,1,Galileo Galilei,0,0,0,,S_EPISTOLARIUM
GASCHITZ,Hans Gaschitz,"Gaschitz, Hans",,,person,,,,printer,The book trade,contemporary,,,,,0,0,,0,0,2,,S_NIELSEN1921; S_THESAURUS
FAM_TOBIAS_GEMPERLIN,Tobias Gemperlin,"Gemperlin, Tobias",,Tobias Gemperlin (Gemperle); Tobias Gemperle,person,,,,craftsman,Builders and craftsmen,contemporary,Hven,55.907,12.696,court painter on Hven,0,0,,0,3,1,,S_CHRISTIANSON; S_JERN; S_BECKETT; S_DEMUNDI
COR_JOHANN_GEORG_GÖDELMANN,Johann Georg Gödelmann,"Gödelmann, Johann Georg",,,person,,,,correspondent,Correspondents only,contemporary,,,,,1,0,Johann Georg Gödelmann,0,0,0,,S_EPISTOLARIUM
COR_PATRICK_GORDON,Patrick Gordon,"Gordon, Patrick",,,person,,,,correspondent,Correspondents only,contemporary,,,,,1,0,Patrick Gordon,0,0,0,,S_EPISTOLARIUM
COR_JACOB_GRYNAEUS,Jacob Grynaeus,"Grynaeus, Jacob",,,person,,,,correspondent,Correspondents only,contemporary,,,,,0,1,Jacob Grynaeus,0,0,0,,S_EPISTOLARIUM
COR_AXEL_GYLDENSTIERNE,Axel Gyldenstierne,"Gyldenstierne, Axel",,,person,,,,correspondent,Correspondents only,contemporary,,,,,1,1,Axel Gyldenstierne,3,0,0,,S_EPISTOLARIUM
COR_THADDAEUS_HAGECIUS,Thaddaeus Hagecius,"Hagecius, Thaddaeus (Hájek)",Thaddaeus Hagecius ab Hayek,Thaddaeus Hagecius (Tadeas Hajek); Thaddaeus Hagecius (Hájek); Tadeáš Hájek,person,1526,1600,,astronomer; patron; correspondent,Scientific peers and rivals; Patrons and dedicatees; Correspondents only,contemporary,Prague,50.075,14.438,"imperial court physician, Prague",16,21,Thaddaeus Hagecius,0,5,1,,S_EPISTOLARIUM
COR_PAUL_HAINZEL,Paul Hainzel,"Hainzel, Paul",,,person,,,,correspondent,Correspondents only,contemporary,Augsburg,48.37,10.898,Augsburg patrician; the great quadrant,3,0,Paul Hainzel,0,3,0,,S_EPISTOLARIUM
COR_SUSANNE_HÁJEK,Susanne Hájek,"Hájek, Susanne",,,person,,,,correspondent,Correspondents only,contemporary,,,,,0,1,Susanne Hájek,0,0,0,,S_EPISTOLARIUM
COR_CHRISTINA_VON_HALLE,Christina von Halle,"Halle, Christina von",,,person,,,,correspondent,Correspondents only,contemporary,,,,,0,1,Christina von Halle,0,0,0,,S_EPISTOLARIUM
COR_BORGMESTRE_OG_RÅD_I_HAMB,The Mayors and Council of Hamburg,"Hamburg, Mayors and Council of",,Borgmestre og råd i Hamborg,body,,,,correspondent,Correspondents only,contemporary,,,,,0,1,Borgmestre og råd i Hamborg,0,0,0,,S_EPISTOLARIUM
HANS,"Hans, Prince of Denmark","Hans, Prince of Denmark",,Duke Hans (Hans the Younger); Duke Hans,person,1583,1602,,subject,Patrons and dedicatees,contemporary,,,,,0,0,,0,0,2,,S_CROSSROADS; S_GIGAS; S_THESAURUS
COR_NIELS_HEMMINGSEN,Niels Hemmingsen,"Hemmingsen, Niels",,,person,,,,correspondent,Correspondents only,contemporary,,,,,1,0,Niels Hemmingsen,0,2,0,,S_EPISTOLARIUM
COR_CHRISTOPHORUS_HENNIOCHUS,Christophorus Henniochus,"Henniochus, Christophorus",,Cristophorus Henniochus,person,,,,correspondent,Correspondents only,contemporary,,,,,2,1,Christophorus Henniochus; Cristophorus Henniochus,0,0,0,,S_EPISTOLARIUM
COR_JOHANN_GEORG_HERWART_VON,Johann Georg Herwart von Hohenburg,"Herwart von Hohenburg, Johann Georg",,Hans Georg Herwart von Hohenburg,person,1553,1622,,patron; correspondent,Patrons and dedicatees; Correspondents only,contemporary,Munich,48.135,11.582,Bavarian chancellor,13,4,Johann Georg Herwart von Hohenburg,0,0,0,,S_EPISTOLARIUM
COR_JOHANN_FRIEDRICH_HOFFMAN,Johann Friedrich Hoffmann,"Hoffmann, Johann Friedrich",,Baron Johann Friedrich Hoffmann; Baron Johann Hoffmann,person,,,,correspondent,Correspondents only,contemporary,,,,,1,3,Johann Friedrich Hoffmann,0,3,0,,S_EPISTOLARIUM
HULSIUS,Levinus Hülsius,"Hülsius, Levinus",,,person,,,,publisher,The book trade,contemporary,Frankfurt,50.111,8.682,Frankfurt/Nuremberg publisher,0,0,,0,0,2,,S_NIELSEN1921; S_THESAURUS
COR_MADS_JØRGENSEN_HUUS,Mads Jørgensen Huus,"Huus, Mads Jørgensen",,,person,,,,correspondent,Correspondents only,contemporary,,,,,1,0,Mads Jørgensen Huus,0,0,0,,S_EPISTOLARIUM
FAM_JENS_JENSEN_HVEN,Jens Jensen,"Jensen, Jens",,Jens Jensen Wensøsil; Jens Jensen Wensosil,person,,,,associate,Scientific peers and rivals,contemporary,,,,,0,0,,0,4,0,,S_KB_BREVBOGER
COR_JOHANNES_JESSENIUS,Johannes Jessenius,"Jessenius, Johannes",,Johannes Jessenius a Jessen; Johannes Jessenius (Jan Jesenský),person,,,,correspondent,Correspondents only,contemporary,Prague,50.075,14.438,anatomist at Prague/Wittenberg,1,3,Johannes Jessenius; Johannes Jessenius a Jessen,0,5,0,,S_EPISTOLARIUM
COR_JOACHIM_FRIEDRICH_KURFYR,"Joachim Friedrich, Elector of Brandenburg","Joachim Friedrich, Elector of Brandenburg",,"Joachim Friedrich; Joachim Frederick, Margrave of Brandenburg; Joachim Friedrich, kurfyrste af Brandenburg",person,,,,correspondent,Correspondents only,contemporary,Brandenburg,52.398,13.066,Elector of Brandenburg,2,1,"Joachim Friedrich, kurfyrste af Brandenburg",0,1,0,,S_EPISTOLARIUM
JOHANNADOLF,"Johann Adolf, Bishop of Lübeck","Johann Adolf, Bishop of Lübeck",,,person,1575,1616,,dedicatee,Patrons and dedicatees,contemporary,Lübeck,53.866,10.687,Bishop of Lübeck,0,0,,0,0,1,,S_GIGAS; S_THESAURUS
COR_MELCHIOR_JÖSTELIUS,Melchior Jöstelius,"Jöstelius, Melchior",,,person,,,,correspondent,Correspondents only,contemporary,,,,,0,4,Melchior Jöstelius,0,1,0,,S_EPISTOLARIUM
FAM_CHRISTEN_JYDE,Christen Jyde,"Jyde, Christen",,,person,,,,associate,Scientific peers and rivals,contemporary,,,,,0,0,,0,0,0,,S_FRIIS1875
COR_KATHARINA_KURFYRSTINDE_A,"Katharina, Electress of Brandenburg","Katharina, Electress of Brandenburg",,"Catherine, Margravine of Brandenburg-Küstrin; Katharina, kurfyrstinde af Brandenburg",person,,,,correspondent,Correspondents only,contemporary,Brandenburg,52.398,13.066,Electress of Brandenburg,2,0,"Katharina, kurfyrstinde af Brandenburg",0,1,0,,S_EPISTOLARIUM
KEPLER,Johannes Kepler,"Kepler, Johannes",,,person,1571,1630,,associate,Scientific peers and rivals,contemporary,Prague,50.075,14.438,"joined Tycho in Bohemia, 1600",5,5,Johannes Kepler,0,5,4,,S_THESAURUS; S_EPISTOLARIUM
FAM_HANS_KNIEPER,Hans Knieper,"Knieper, Hans",,,person,,1587,,craftsman,Builders and craftsmen,contemporary,,,,,0,0,,0,0,1,,S_BECKETT
COR_METTE_KOTTE,Mette Kotte,"Kotte, Mette",,,person,,,,correspondent,Correspondents only,contemporary,,,,,0,1,Mette Kotte,0,0,0,,S_EPISTOLARIUM
COR_NIELS_KRAG,Niels Krag,"Krag, Niels",,,person,,,,correspondent,Correspondents only,contemporary,,,,,1,3,Niels Krag,6,4,1,,S_EPISTOLARIUM
COR_JACOB_KURZ,Jacob Kurz,"Kurz, Jacob",,Jacob Kurz von Senftenau (Curtius),person,,,,correspondent,Correspondents only,contemporary,,,,,1,3,Jacob Kurz,0,1,0,,S_EPISTOLARIUM
FAM_GEORG_LABENWOLF,Georg Labenwolf,"Labenwolf, Georg",,,person,,,,craftsman,Builders and craftsmen,contemporary,Nuremberg,49.452,11.077,Nuremberg founder; Uraniborg's water-system,0,0,,0,2,0,,S_JERN; S_BECKETT
FAM_ERIK_LANGE,Erik Lange,"Lange, Erik",Ericus Langius,,person,,1613,,friend; family,Family and friends,contemporary,Engelsholm,55.726,9.418,"alchemist; Sophie Brahe's husband, his Jutland seat",0,0,,11,3,4,,S_ELLEFSEN; S_ZEEBERG1994
COR_KIRSTEN_LINDENOV,Kirsten Lindenov,"Lindenov, Kirsten",,Kirsten Lindenow,person,,,,correspondent,Correspondents only,contemporary,,,,,0,1,Kirsten Lindenov,0,1,0,,S_EPISTOLARIUM
LOCHNER,Christoph Lochner,"Lochner, Christoph",,,person,,,,printer,The book trade,contemporary,Nuremberg,49.452,11.077,Nuremberg printer (posthumous re-issues),0,0,,0,0,1,,S_NIELSEN1921; S_THESAURUS
LONGO,Christen Sørensen Longomontanus,"Longomontanus, Christen Sørensen",,Christian Sørensen Longomontanus; Christen Sorensen Longomontanus; Christen Longomontanus; Longomontanus; Christian Severin,person,1562,1647,,assistant; scribe; correspondent,Observers and assistants; Correspondents only,contemporary,Hven,55.907,12.696,Uraniborg assistant 1589–97,1,7,Christen Sørensen Longomontanus,1,9,16,32099097,S_CHRISTIANSON; S_THOREN; S_THESAURUS; S_EPISTOLARIUM
COR_POUL_MADSEN,Poul Madsen,"Madsen, Poul",,,person,,,,correspondent,Correspondents only,contemporary,,,,,0,1,Poul Madsen,0,0,0,,S_EPISTOLARIUM
COR_THE_CHAPTER_AT_THE_CATHE,The Chapter of Magdeburg Cathedral,"Magdeburg Cathedral, Chapter of",,The dean of the chapter at the cathedral of Magdeburg; The chapter at the cathedral of Magdeburg,body,,,,correspondent,Correspondents only,contemporary,,,,,0,2,The chapter at the cathedral of Magdeburg; The dean of the chapter at the cathedral of Magdeburg,0,0,0,,S_EPISTOLARIUM
COR_GIOVANNI_ANTONIO_MAGINI,Giovanni Antonio Magini,"Magini, Giovanni Antonio",,,person,1555,1617,,astronomer; correspondent,Scientific peers and rivals; Correspondents only,contemporary,Bologna,44.495,11.343,Bologna professor of mathematics,6,4,Giovanni Antonio Magini,0,0,0,,S_EPISTOLARIUM
COR_JOHN_MAITLAND,John Maitland,"Maitland, John",,,person,,,,correspondent,Correspondents only,contemporary,Edinburgh,55.953,-3.188,Chancellor of Scotland,1,2,John Maitland,0,0,0,,S_EPISTOLARIUM
COR_JOHANNES_MAJOR,Johannes Major,"Major, Johannes",,,person,,,,correspondent,Correspondents only,contemporary,,,,,4,1,Johannes Major,0,1,0,,S_EPISTOLARIUM
MARIUS,Simon Marius,"Marius, Simon",Simon Marius,,person,1573,1624,,astronomer; assistant,Scientific peers and rivals; Observers and assistants,contemporary,,,,,0,0,,0,1,0,,S_FRIIS_DM1873
COR_MICHAEL_MÄSTLIN,Michael Mästlin,"Mästlin, Michael",,,person,,,,correspondent,Correspondents only,contemporary,,,,,0,1,Michael Mästlin,0,0,0,,S_EPISTOLARIUM
MATTHIAS,"Matthias, Archduke of Austria","Matthias, Archduke of Austria",,,person,1557,1619,,patron; dedicatee; correspondent,Patrons and dedicatees; Correspondents only,contemporary,Vienna,48.208,16.374,"Archduke, later Emperor",0,1,"Matthias, Archduke of Austria",0,0,2,,S_DREYER; S_MOSLEY; S_THESAURUS; S_EPISTOLARIUM
COR_ANDREAS_MEIER,Andreas Meier,"Meier, Andreas",,,person,,,,correspondent,Correspondents only,contemporary,Güstrow,53.797,12.176,rent-master of the Mecklenburg ducal treasury,0,8,"Andreas Meier; [Andreas Meyer, Mecklenburg rent",0,0,0,,S_EPISTOLARIUM
COR_PAULUS_MELISSUS,Paulus Melissus,"Melissus, Paulus",,,person,,,,correspondent,Correspondents only,contemporary,,,,,1,0,Paulus Melissus,0,0,0,,S_EPISTOLARIUM
COR_EHRENFRIED_FREIHERR_VON_,Ehrenfried Freiherr von Minckwitz,"Minckwitz, Ehrenfried von",,Baron Ehrenfried von Minckwitz,person,,,,correspondent,Correspondents only,contemporary,,,,,0,1,Ehrenfried Freiherr von Minckwitz,0,5,0,,S_EPISTOLARIUM
COR_VINCENT_MOLLER,Vincent Moller,"Moller, Vincent",,,person,,,,correspondent,Correspondents only,contemporary,,,,,1,1,Vincent Moller,0,0,0,,S_EPISTOLARIUM
MONAU,Jacob Monau (Monavius),"Monau, Jacob (Monavius)",,Jacob Monavius; Jakob Monau; Jacob Monaw (Monavius); Jakob Monau (Monavius),person,1546,1603,,intermediary; owner; correspondent,"Correspondents only; Editors, owners and scholars",contemporary,Wrocław,51.108,17.039,Silesian intermediary (Breslau),3,2,Jacob Monavius,0,1,0,,S_GINGERICH_WESTMAN; S_THESAURUS; S_EPISTOLARIUM
COR_MORITZ_LANDGREVE_AF_HESS,"Moritz, Landgrave of Hesse-Kassel","Moritz, Landgrave of Hesse-Kassel",,"Moritz, landgreve af Hessen-Kassel",person,,,,correspondent,Correspondents only,contemporary,,,,,1,5,"Moritz, landgreve af Hessen-Kassel",0,1,1,,S_EPISTOLARIUM
MORSING,Elias Olsen Morsing,"Morsing, Elias Olsen",,,person,,1590,,assistant; author,Observers and assistants; Correspondents only,contemporary,Hven,55.907,12.696,Uraniborg assistant,0,0,,1,2,2,,S_CHRISTIANSON; S_THESAURUS
COR_CLAUS_MULE,Claus Mule,"Mule, Claus",,,person,,,,correspondent,Correspondents only,contemporary,,,,,0,1,Claus Mule,0,5,0,,S_EPISTOLARIUM
COR_JOHANNES_MÜLLER,Johannes Müller,"Müller, Johannes",,Johann Muller,person,,,,correspondent,Correspondents only,contemporary,,,,,1,0,Johannes Müller,0,5,0,,S_EPISTOLARIUM
NIELSEN_L,Lauritz Nielsen,"Nielsen, Lauritz",,,person,1881,1947,,scholar; source,"Editors, owners and scholars",afterlife,Copenhagen,55.676,12.568,Danish bibliographer (Royal Library),0,0,,0,0,0,,S_DBL; S_THESAURUS
DEOHR,Philip de Ohr,"Ohr, Philip de",,Philipp von Ohr,person,,,,printer,The book trade,contemporary,Hamburg,53.55,9.99,printer of the Mechanica (Wandsbek/Hamburg),0,0,,0,1,2,,S_NIELSEN1921; S_THESAURUS
COR_JOHANNES_OSWALDUS,Johannes Oswaldus,"Oswaldus, Johannes",,,person,,,,correspondent,Correspondents only,contemporary,,,,,1,0,Johannes Oswaldus,0,0,0,,S_EPISTOLARIUM
FAM_HANS_VON_PASCHEN,Hans von Paschen,"Paschen, Hans von",,,person,,,,craftsman,Builders and craftsmen,contemporary,Hven,55.907,12.696,master-builder of Uraniborg,0,0,,0,0,0,,S_JERN; S_BECKETT
FAM_RASMUS_PEDERSEN,Rasmus Pedersen,"Pedersen, Rasmus",,,person,,,,antagonist,Scientific peers and rivals,contemporary,,,,,0,0,,0,1,0,,S_KB_BREVBOGER; S_FRIIS1875
FAM_CHRISTOFFER_PEPELER,Christoffer Pepeler,"Pepeler, Christoffer",,,person,,,,associate,Scientific peers and rivals,contemporary,,,,,0,0,,0,0,0,,S_KB_BREVBOGER
COR_SIMON_VON_PETKUM,Simon von Petkum,"Petkum, Simon von",,,person,,,,correspondent,Correspondents only,contemporary,,,,,1,1,Simon von Petkum,0,0,0,,S_EPISTOLARIUM
COR_CASPAR_PEUCER,Caspar Peucer,"Peucer, Caspar",,,person,1525,1602,,astronomer; correspondent,Scientific peers and rivals; Correspondents only,contemporary,Wittenberg,51.866,12.648,Wittenberg mathematician,1,2,Caspar Peucer,0,3,1,,S_EPISTOLARIUM
COR_VINCENZIO_PINELLI,Vincenzio Pinelli,"Pinelli, Vincenzio",,,person,,,,correspondent,Correspondents only,contemporary,,,,,0,1,Vincenzio Pinelli,0,0,0,,S_EPISTOLARIUM
COR_JOHANNES_ISACIUS_PONTANU,Johannes Isacius Pontanus,"Pontanus, Johannes Isacius",,Johannes Isaksen Pontanus; Johannes Pontanus,person,,,,correspondent,Correspondents only,contemporary,,,,,2,2,Johannes Pontanus; Johannes Isacius Pontanus; Johannes Isaksen Pontanus,0,0,0,,S_EPISTOLARIUM
PRATENSIS,Johannes Pratensis,"Pratensis, Johannes",,,person,1543,1576,,friend; former-owner,"Family and friends; Editors, owners and scholars",contemporary,Copenhagen,55.676,12.568,"royal physician, Tycho's friend",4,2,Johannes Pratensis,0,8,2,,S_CHRISTIANSON; S_NIELSEN1921; S_THESAURUS; S_EPISTOLARIUM
PRUSKOVSKY,Ulrich Desiderius Pruskovský von Pruskov,"Pruskovský von Pruskov, Ulrich Desiderius",,Ulrich Desiderius Pruskowski; Pruskovský (Prussinowsky) von Pruskow,person,,,,patron; dedicatee,Patrons and dedicatees,contemporary,Prague,50.075,14.438,Bohemian/Moravian noble patron,0,0,,0,1,1,,S_CROSSROADS; S_THESAURUS
COR_HENRIK_RAMEL,Henrik Ramel,"Ramel, Henrik",,,person,,,,correspondent,Correspondents only,contemporary,,,,,1,0,Henrik Ramel,1,0,0,,S_EPISTOLARIUM
COR_HENRIK_RANTZAU,Henrik Rantzau,"Rantzau, Henrik",Henricus Ranzovius,Heinrich Rantzau; Henricus Ranzovius,person,1526,1598,,patron; correspondent,Patrons and dedicatees; Correspondents only,contemporary,Segeberg,53.93,10.31,Holstein statesman; hosted Tycho at Wandsbek,1,14,Henrik Rantzau,1,6,3,17231124,S_EPISTOLARIUM
REINHOLD,Erasmus Reinhold,"Reinhold, Erasmus",,,person,1511,1553,,astronomer; former-owner,"Scientific peers and rivals; Editors, owners and scholars",predecessor,Wittenberg,51.866,12.648,Wittenberg astronomer (Prutenic Tables),0,0,,0,0,0,,S_DREYER; S_THESAURUS
RHODIUS,Ambrosius Rhodius,"Rhodius, Ambrosius",,,person,,1633,,assistant; mathematician,Observers and assistants; Scientific peers and rivals,afterlife,,,,,0,0,,0,1,0,,S_FRIIS_DM1873
COR_LUDOLF_RIDDERSHUSEN,Ludolf Riddershusen,"Riddershusen, Ludolf",,,person,,,,correspondent,Correspondents only,contemporary,,,,,1,1,Ludolf Riddershusen,0,0,0,,S_EPISTOLARIUM
COR_SIGFRID_RINDSCHAT,Sigfrid Rindschat,"Rindschat, Sigfrid",,,person,,,,correspondent,Correspondents only,contemporary,,,,,0,1,Sigfrid Rindschat,0,1,0,,S_EPISTOLARIUM
COR_GEORG_ROLLENHAGEN,Georg Rollenhagen,"Rollenhagen, Georg",,,person,1542,1609,,correspondent,Correspondents only,contemporary,Magdeburg,52.12,11.627,"German poet, Magdeburg",5,2,Georg Rollenhagen,0,1,0,,S_EPISTOLARIUM
COR_HOLGER_ROSENKRANTZ,Holger Rosenkrantz,"Rosenkrantz, Holger",,,person,1574,1642,,patron; correspondent,Patrons and dedicatees; Correspondents only,contemporary,Copenhagen,55.676,12.568,Danish noble and theologian,3,22,Holger Rosenkrantz,2,5,0,,S_EPISTOLARIUM
COR_OLUF_ROSENSPARRE,Oluf Rosensparre,"Rosensparre, Oluf",,,person,,,,correspondent,Correspondents only,contemporary,,,,,0,1,Oluf Rosensparre,2,1,0,,S_EPISTOLARIUM
COR_CHRISTOPHER_ROTHMANN,Christoph Rothmann,"Rothmann, Christoph",Christophorus Rotmannus,Christopher Rothmann,person,1555,1605,,astronomer; correspondent,Scientific peers and rivals; Correspondents only,contemporary,Kassel,51.313,9.48,court mathematician at Kassel,10,12,Christopher Rothmann,2,2,1,54259697,S_EPISTOLARIUM
RUDOLF2,"Rudolf II, Holy Roman Emperor","Rudolf II, Holy Roman Emperor",,Rudolf 2.; Kejser Rudolf II; Rudolf II; Emperor Rudolf II,person,1552,1612,,patron; dedicatee; correspondent,Patrons and dedicatees; Correspondents only,contemporary,Prague,50.075,14.438,"Holy Roman Emperor, Prague court",1,5,Rudolf 2.,0,10,9,,S_DREYER; S_CROSSROADS; S_THESAURUS; S_EPISTOLARIUM
COR_GELLIUS_SASCERIDES,Gellius Sascerides,"Sascerides, Gellius",,,person,,,,assistant; antagonist,Observers and assistants; Scientific peers and rivals,contemporary,,,,,0,2,Gellius Sascerides,7,10,0,,S_DREYER; S_RORDAM_DM1873; S_KB_BREVBOGER; S_EPISTOLARIUM
COR_THOMAS_SAVILE,Thomas Savile,"Savile, Thomas",,,person,,,,correspondent,Correspondents only,contemporary,,,,,0,1,Thomas Savile,0,0,0,,S_EPISTOLARIUM
COR_JOSEPH_JUSTUS_SCALIGER,Joseph Justus Scaliger,"Scaliger, Joseph Justus",,Joseph Scaliger,person,,,,correspondent,Correspondents only,contemporary,Leiden,52.16,4.497,Leiden scholar,2,4,Joseph Justus Scaliger,0,0,0,,S_EPISTOLARIUM
COR_EBERHARD_SCHELE,Eberhard Schele,"Schele, Eberhard",,,person,,,,correspondent,Correspondents only,contemporary,,,,,1,0,Eberhard Schele,0,0,0,,S_EPISTOLARIUM
COR_BARTHOLOMAEUS_SCULTETUS,Bartholomaeus Scultetus,"Scultetus, Bartholomaeus",,Bartholomæus Scultetus; Bartholomew Schultz (Scultetus),person,,,,correspondent,Correspondents only,contemporary,,,,,0,5,Bartholomaeus Scultetus,0,3,0,,S_EPISTOLARIUM
COR_PETRUS_SEVERINUS,Petrus Severinus,"Severinus, Petrus",,Peder Sorensen (Severinus); Peder Sørensen,person,,,,correspondent,Correspondents only,contemporary,Copenhagen,55.676,12.568,"Danish royal physician, Paracelsian",0,2,Petrus Severinus,0,1,0,,S_EPISTOLARIUM
COR_DRONNING_SOPHIE,"Sophie of Mecklenburg, Queen of Denmark","Sophie of Mecklenburg, Queen of Denmark",,Queen Sophie; Dronning Sophie; Queen Sophie of Denmark,person,,,,correspondent,Correspondents only,contemporary,Copenhagen,55.676,12.568,"Queen, then Queen Dowager, of Denmark",4,0,Dronning Sophie,2,2,0,,S_EPISTOLARIUM
COR_ERIK_SPARRE,Erik Sparre,"Sparre, Erik",,,person,,,,correspondent,Correspondents only,contemporary,,,,,0,1,Erik Sparre,0,1,0,,S_EPISTOLARIUM
FAM_HANS_VAN_STENWINKEL_ELDER,Hans van Stenwinkel the Elder,"Stenwinkel, Hans van, the Elder",,Hans van Steenwinckel; Hans van Steenwinkel,person,1545,1601,,craftsman,Builders and craftsmen,contemporary,Hven,55.907,12.696,architect of Uraniborg's interior and Stjerneborg,0,0,,0,3,1,,S_JERN; S_BECKETT
COR_JOACHIM_STRALENDORFF,Joachim Stralendorff,"Stralendorff, Joachim",,,person,,,,correspondent,Correspondents only,contemporary,,,,,0,1,Joachim Stralendorff,0,0,0,,S_EPISTOLARIUM
COR_CHRISTOPH_STURTZ,Christoph Sturtz,"Sturtz, Christoph",,,person,,,,correspondent,Correspondents only,contemporary,,,,,1,2,Christoph Sturtz,0,0,0,,S_EPISTOLARIUM
COR_JOHANNES_STYGGE,Johan Stygge,"Stygge, Johan",,Johannes Stygge; Hans Stygge,person,,,,correspondent,Correspondents only,contemporary,,,,,1,0,Johannes Stygge,0,0,0,,S_EPISTOLARIUM
TAMPACH,Gottfried Tampach,"Tampach, Gottfried",,,person,,,,publisher,The book trade,contemporary,Frankfurt,50.111,8.682,Frankfurt publisher (posthumous re-issues),0,0,,0,0,3,,S_NIELSEN1921; S_THESAURUS
COR_FRIEDRICH_TAUBMANN,Friedrich Taubmann,"Taubmann, Friedrich",,,person,,,,correspondent,Correspondents only,contemporary,,,,,0,1,Friedrich Taubmann,0,1,0,,S_EPISTOLARIUM
COR_JOHANN_TAUCHMANN,Johann Tauchmann,"Tauchmann, Johann",,,person,,,,correspondent,Correspondents only,contemporary,,,,,0,1,Johann Tauchmann,0,1,0,,S_EPISTOLARIUM
COR_FRANS_TENGNAGEL,Frans Tengnagel,"Tengnagel, Frans",,Frans Gansneb genannt Tengnagel; Franz Gansneb Tengnagel,person,,,,correspondent,Correspondents only,contemporary,,,,,1,0,Frans Tengnagel,0,9,0,,S_EPISTOLARIUM
FAM_BIRGITTE_THOTT,Birgitte Thott,"Thott, Birgitte",,,person,1610,1662,,scholar,"Editors, owners and scholars",afterlife,Sorø,55.432,11.554,learned noblewoman; lived and is buried at Sorø,0,0,,0,0,0,,S_ELLEFSEN
COR_TAGE_OTTESEN_THOTT,Tage Ottesen Thott,"Thott, Tage Ottesen",,,person,,,,correspondent; family,Correspondents only; Family and friends,contemporary,,,,,1,1,Tage Ottesen Thott,0,0,1,,S_EPISTOLARIUM
COR_ULRICH_3,"Ulrich III, Duke of Mecklenburg","Ulrich III, Duke of Mecklenburg",,"Ulrich 3., hertug af Mecklenburg; Ulrich, Duke of Mecklenburg; Duke Ulrich III of Mecklenburg",person,,,,patron; correspondent,Patrons and dedicatees; Correspondents only,contemporary,Güstrow,53.797,12.176,Duke of Mecklenburg,7,6,"Ulrich 3., hertug af Mecklenburg",1,2,0,,S_EPISTOLARIUM
ULRIK,"Ulrik, Prince of Denmark","Ulrik, Prince of Denmark",,Prince Ulrik of Denmark; Prince Ulrik,person,1578,1624,,subject,Patrons and dedicatees,contemporary,,,,,0,0,,0,0,2,,S_CROSSROADS; S_GIGAS; S_THESAURUS
COR_UKENDT_DANSK_STUDERENDE,An unknown Danish student,Unknown Danish student,,Ukendt dansk studerende,unnamed,,,,correspondent,Correspondents only,contemporary,,,,,0,1,Ukendt dansk studerende,0,0,0,,S_EPISTOLARIUM
COR_UKENDT_MEDICINSK_DOKTOR,An unknown doctor of medicine,Unknown doctor of medicine,,Ukendt medicinsk doktor,unnamed,,,,correspondent,Correspondents only,contemporary,,,,,1,0,Ukendt medicinsk doktor,0,0,0,,S_EPISTOLARIUM
COR_ANONYMUS,Unnamed correspondents (Anonymus),Unnamed correspondents,,anonymus; Anonymus,unnamed,,,,correspondent,Correspondents only,contemporary,,,,,0,7,Anonymus,0,0,0,,S_EPISTOLARIUM
COR_AN_ANONYMOUS_LADY,An unnamed lady,Unnamed lady,,An anonymous lady,unnamed,,,,correspondent,Correspondents only,contemporary,,,,,0,1,An anonymous lady,0,0,0,,S_EPISTOLARIUM
COR_KRISTOFFER_VALKENDORF,Christoffer Valkendorf,"Valkendorf, Christoffer",,Christoffer Walkendorff; Christoffer Walkendorf; Kristoffer Valkendorf,person,,,,correspondent,Correspondents only,contemporary,,,,,0,2,"Kristoffer Valkendorf; Christoffer Valkendorf, Christian Friis",0,2,0,,S_EPISTOLARIUM
COR_ANDERS_SØRENSEN_VEDEL,Anders Sørensen Vedel,"Vedel, Anders Sørensen",,Anders Sorensen Vedel; Andreas Severinus Velleius,person,1542,1616,,correspondent,Correspondents only,contemporary,Ribe,55.328,8.766,"Danish historian, Ribe",0,12,Anders Sørensen Vedel,1,13,1,,S_EPISTOLARIUM
COR_JON_JACOBSEN_VENUSINUS,Jon Jacobsen Venusinus,"Venusinus, Jon Jacobsen",,Jon Venusin,person,,,,correspondent,Correspondents only,contemporary,,,,,0,1,Jon Jacobsen Venusinus,1,4,0,,S_EPISTOLARIUM
COR_MIKKEL_VIBE,Mikkel Vibe,"Vibe, Mikkel",,,person,,,,correspondent,Correspondents only,contemporary,,,,,1,0,Mikkel Vibe,0,0,0,,S_EPISTOLARIUM
VINGAARD,Mads Vingaard (Matthias Vinitor),"Vingaard, Mads (Matthias Vinitor)",,,person,,,,printer,The book trade,contemporary,Copenhagen,55.676,12.568,Copenhagen printer,0,0,,0,1,1,,S_NIELSEN1921; S_THESAURUS
WEIDA,Christopher Weida,"Weida, Christopher",,,person,,,,printer,The book trade,contemporary,,,,,0,0,,0,0,1,,S_NIELSEN1921; S_THESAURUS
COR_WILHELM_4_LANDGREVE_AF_H,"Wilhelm IV, Landgrave of Hesse-Kassel","Wilhelm IV, Landgrave of Hesse-Kassel",,,person,1532,1592,,patron; astronomer; correspondent,Patrons and dedicatees; Scientific peers and rivals; Correspondents only,contemporary,Kassel,51.313,9.48,Landgrave of Hesse-Kassel,13,10,"Wilhelm 4., landgreve af Hessen-Kassel",0,2,1,,S_EPISTOLARIUM
COR_VITUS_WINSHEMIUS,Vitus Winshemius,"Winshemius, Vitus",,Veit Winsheim,person,,,,correspondent,Correspondents only,contemporary,,,,,2,4,Vitus Winshemius; Veit Winsheim,0,0,0,,S_EPISTOLARIUM
COR_THE_DEAN_AND_DOCTORS_AT_,The Dean and Doctors of the Faculty of Medicine at Wittenberg,"Wittenberg, Faculty of Medicine (Dean and Doctors)",,The dean and doctors at the college of medicine i Wittenberg,body,,,,correspondent,Correspondents only,contemporary,,,,,0,1,The dean and doctors at the college of medicine i Wittenberg,0,0,0,,S_EPISTOLARIUM
WITTICH,Paul Wittich,"Wittich, Paul",,Paulus Wittichius,person,1546,1586,,astronomer; annotator,Scientific peers and rivals,contemporary,Wrocław,51.108,17.039,Silesian astronomer (Breslau),0,0,,0,2,4,,S_GINGERICH_WESTMAN; S_THESAURUS
COR_HIERONYMUS_WOLF,Hieronymus Wolf,"Wolf, Hieronymus",,,person,1516,1580,,correspondent,Correspondents only,contemporary,Augsburg,48.37,10.898,Augsburg humanist,6,1,Hieronymus Wolf,0,2,0,,S_EPISTOLARIUM
COR_GEORG_VON_WOLFRAMSDORF,Georg von Wolframsdorf,"Wolframsdorf, Georg von",,,person,,,,correspondent,Correspondents only,contemporary,,,,,0,1,Georg von Wolframsdorf,0,0,0,,S_EPISTOLARIUM
COR_PETER_YOUNG,Peter Young,"Young, Peter",,,person,1544,1628,,correspondent,Correspondents only,contemporary,Edinburgh,55.953,-3.188,"tutor to James VI, Scotland",1,6,Peter Young,0,0,0,,S_EPISTOLARIUM
HASENBURG,Jan Zbyněk Zajíc z Házmburka (Johann von Hasenburg),"Zajíc z Házmburka, Jan Zbyněk (Johann von Hasenburg)",,,person,1565,1616,,patron; dedicatee,Patrons and dedicatees,contemporary,Prague,50.075,14.438,Bohemian noble patron,0,0,,0,0,1,,S_DREYER; S_CROSSROADS; S_THESAURUS
