record_key,date_iso,date_raw,calendar,name_as_written,name_expanded,familia_id,viaf_id,standing,kind,reading,origin_or_destination,diary_text,source,page_1876,scan_page,page_basis,grade
d-1585-06-04-a,1585-06-04,4 Jun 1585,Julian,Buch; 2 nob.,Buch (unidentified); two unnamed nobles,,,nobility,departure,Buch departed; two nobles were present,,"Buch abiit, aderant 2 nob.",FRIIS1876,53,63,note located on the page,B
d-1585-06-14-a,1585-06-14,14 Jun 1585,Julian,Typogra.,Typographer (unidentified; possibly connected with the Uraniborg press),,,craftsman,arrival,A typographer visited Uraniborg,,Typogra.,FRIIS1876,54,64,note located on the page,B
d-1586-04-27-a,1586-04-27,27 Apr 1586,Julian,Jacobus; Christiernus,Jacobus (departed; unidentified); Christiernus (arrived; unidentified),,,unknown,arrival,Jacobus departed; Christiernus arrived,,Abiit Jacobus. Christiernus venit.,FRIIS1876,70,80,note located on the page,A
d-1586-06-13-a,1586-06-13,13 Jun 1586,Julian,N.; Welejus,"N. (Nicolaus, probably Krag); Anders Sørensen Vedel (Royal Historiographer; identified in footnote as 'Weleio')",,,scholar,arrival,N. returned from Copenhagen with Anders Sørensen Vedel,Copenhagen,N. rediit cum Weleio.,FRIIS1876,72,82,note located on the page,A
d-1586-06-27-a,1586-06-27,27 Jun 1586,Julian,Regina,Queen Sophie of Denmark (née Sophie of Mecklenburg-Güstrow),COR_DRONNING_SOPHIE,,royalty,arrival,Queen Sophie visited Uraniborg; three-day stay,,Reg.,FRIIS1876,72,82,day's entry on the page,A
d-1586-06-29-a,1586-06-29,29 Jun 1586,Julian,Regina,Queen Sophie of Denmark (née Sophie of Mecklenburg-Güstrow),COR_DRONNING_SOPHIE,,royalty,departure,Queen Sophie departed after three-day visit,,Abiit Regina.,FRIIS1876,73,83,note located on the page,A
d-1586-08-08-a,1586-08-08,8 Aug 1586,Julian,Her. Frederus Dantiscanus; N.H.,Her. Frederus from Danzig; N.H. (unidentified),,,unknown,arrival,Her. Frederus from Danzig came with N.H.,Danzig,Her: Frederus Dantiscanus cum N. H.,FRIIS1876,75,85,note located on the page,B
d-1586-08-12-a,1586-08-12,12 Aug 1586,Julian,D. Soph.,Sophia Brahe (Tycho's sister; married to Otto Thott of Eriksholm),COR_SOPHIE_BRAHE,,family,arrival,Sophia Brahe came by night,,D. Soph. noct.,FRIIS1876,75,85,note located on the page,A
d-1586-08-19-a,1586-08-19,19 Aug 1586,Julian,Legati Schotici,Scottish legates (unidentified; diplomatic mission),,,diplomat,arrival,Scottish legates arrived at 4 PM,Scotland,Legati Schotici H. 4. P. M. ad.,FRIIS1876,75,85,note located on the page,A
d-1586-08-23-a,1586-08-23,23 Aug 1586,Julian,Dux Megapolitanus,Duke Ulrich of Mecklenburg-Güstrow,COR_ULRICH_3,,royalty,arrival,Duke Ulrich came at nine in the morning and departed at four in the afternoon together with the Queen; Friis's footnote (p. 75) names him. On 18 August the diary had noted 'P. Ulrici aduentus deneg.' — the Duke's arrival then denied.,,"H. 9 A. venit, 4 P. dux Ulricus cum Regina decessit.",FRIIS1876,75,85,note located on the page,A
d-1587-04-24-a,1587-04-24,24 Apr 1587,Julian,Frater,"Frater (Tycho's brother, probably Jørgen Brahe or Steen Brahe)",,,family,arrival,Tycho's brother arrived,,Frater ad.,FRIIS1876,86,96,note located on the page,A
d-1587-04-25-a,1587-04-25,25 Apr 1587,Julian,Frater,Frater (Tycho's brother),,,family,departure,Tycho's brother departed,,Fr. ab.,FRIIS1876,86,96,note located on the page,A
d-1587-05-08-a,1587-05-08,8 May 1587,Julian,Frater,Frater (Tycho's brother),,,family,arrival,Tycho's brother was here,,Frater hic fuit.,FRIIS1876,87,97,note located on the page,A
d-1587-05-24-a,1587-05-24,24 May 1587,Julian,Lib. Baro ex Austria,Free Baron from Austria (unidentified),,,nobility,arrival,A free baron from Austria visited Uraniborg,Austria,Lib. Baro ex Austria.,FRIIS1876,88,98,note located on the page,B
d-1587-06-24-a,1587-06-24,24 Jun 1587,Julian,Duncanus,Duncan Liddel,,37254124,scholar,arrival,"Scottish physician and mathematician visited; footnote identifies him as 'Duncanus Liddel fra Skotland, Professor i Helmstädt'",Scotland,Duncanus venit,FRIIS1876,89,99,note located on the page,A
d-1587-07-24-a,1587-07-24,24 Jul 1587,Julian,Anglus ille,That Englishman (recurring visitor; unidentified),,,unknown,arrival,The Englishman (previously known to Tycho) came to Uraniborg,England,Anglus ille venit Uraniburgum.,FRIIS1876,91,101,note located on the page,A
d-1587-08-20-a,1587-08-20,20 Aug 1587,Julian,Ge. Ranz.,Gert Rantzov (Lensmand of Kronborg; identified in footnote),,,nobility,arrival,"Gert Rantzov, Lensmand of Kronborg, visited",Kronborg,Ge. Ranz.,FRIIS1876,92,102,note located on the page,A
d-1587-08-21-a,1587-08-21,21 Aug 1587,Julian,Petrus Munck.,"Peder Munk (probably Peder Munk of Estvadgaard, Danish admiral)",,,nobility,arrival,Peder Munk visited Uraniborg,,Petrus Munck.,FRIIS1876,92,102,note located on the page,A
d-1587-09-30-a,1587-09-30,30 Sep 1587,Julian,Falco Geie.,Falco Gøye (friend and relative of Tycho; identified in footnote),,,nobility,arrival,Falco Gøye visited Uraniborg,,Falco Geie.,FRIIS1876,94,104,note located on the page,A
d-1587-10-17-a,1587-10-17,17 Oct 1587,Julian,Hans Spegell.,Hans Spegel (of Borreby; Lensmand of Gladsaxe; identified in footnote),,,nobility,arrival,Hans Spegel visited Uraniborg,,Hans Spegell.,FRIIS1876,95,105,note located on the page,A
d-1588-02-01-a,1588-02-01,1 Feb 1588,Julian,D. N.,D. N. (probably Nicolaus Krag or another 'D. N.' associate),,,scholar,arrival,D. N. came to Uraniborg,,D. N. venit.,FRIIS1876,100,110,note located on the page,B
d-1588-02-17-a,1588-02-17,17 Feb 1588,Julian,D. N.,D. N. (probably Nicolaus Krag or another 'D. N.' associate),,,scholar,departure,D. N. departed,,D. N. abiit.,FRIIS1876,101,111,note located on the page,B
d-1588-03-05-a,1588-03-05,5 Mar 1588,Julian,Fraterculus,Fraterculus (little brother; probably a younger brother of Tycho),,,family,arrival,Tycho's little brother came,,Fraterculus venit.,FRIIS1876,102,112,note located on the page,B
d-1588-03-24-a,1588-03-24,24 Mar 1588,Julian,Gellius; Otto Tot,Gellius Sascerides (Tycho's assistant; departed); Otto Thott of Eriksholm (died; footnote: buried 5 May 1588; husband of Tycho's sister Sophia),COR_GELLIUS_SASCERIDES,,scholar,event,Gellius Sascerides departed; Otto Thott died on this day (buried 5 May 1588),,Gellius abiit. Otto Tot obiit.,FRIIS1876,103,113,note located on the page,A
d-1588-03-26-a,1588-03-26,26 Mar 1588,Julian,H. Speget.,Hans Spegel (of Borreby; Lensmand of Gladsaxe),,,nobility,arrival,Hans Spegel visited,,H. Speget.,FRIIS1876,103,113,note located on the page,B
d-1588-05-01-a,1588-05-01,1 May 1588,Julian,Stud. 3.,Three students (unidentified),,,scholar,arrival,Three students came to Uraniborg,,Stud. 3.,FRIIS1876,105,115,note located on the page,B
d-1588-05-27-a,1588-05-27,27 May 1588,Julian,Henricus Rantzou.,Heinrich Rantzau (Governor of Holstein; patron of scholars; humanist),COR_HENRIK_RANTZAU,17231124,nobility,arrival,Heinrich Rantzau visited Uraniborg,,Henricus Rantzou.,FRIIS1876,106,116,note located on the page,A
d-1588-06-01-a,1588-06-01,1 Jun 1588,Julian,D. Nie.,D. Nicolaus (probably Nicolaus Krag),,,scholar,arrival,D. Nicolaus came to Uraniborg,,D. Nie.,FRIIS1876,106,116,note located on the page,B
d-1588-06-07-a,1588-06-07,7 Jun 1588,Julian,Duncanus,"Duncan Liddel (Scottish physician and mathematician; footnote: 'Duncanus Liddel fra Skotland, Professor i Helmstädt')",,37254124,scholar,arrival,Duncan Liddel came from Helsingør,Helsingør,Hel. V. Duncanus.,FRIIS1876,107,117,note located on the page,A
d-1588-06-26-a,1588-06-26,26 Jun 1588,Julian,Petrus Gyldenstern; alii ex Mechelburgh,Peder Gyldenstierne; others from Mecklenburg,,,nobility,arrival,Peder Gyldenstierne with others from Mecklenburg were present,Mecklenburg,Petrus Gyldenstern aderat et alii ex Mechelburgh.,FRIIS1876,107,117,note located on the page,A
d-1588-07-02-a,1588-07-02,2 Jul 1588,Julian,5 pereg. aulici ex Kronborig,Five court travelers from Kronborg (unidentified),,,nobility,arrival,Five court travelers came from Kronborg,Kronborg,5 pereg. aulici ex Kronborig.,FRIIS1876,108,118,note located on the page,A
d-1588-07-06-a,1588-07-06,6 Jul 1588,Julian,H. Veleius.,H. Velleius (unidentified; possibly connected with Andreas Velleius),,,unknown,arrival,H. Velleius visited,,H. Veleius.,FRIIS1876,108,118,note located on the page,B
d-1588-07-08-a,1588-07-08,8 Jul 1588,Julian,Cancelarius Georg Ros.,Niels Kaas (Chancellor); Jørgen Rosenkrantz (Privy Councillor),,,nobility,arrival,The diary writes 'Cancelarius Georg Ros.'; the edition's corrigenda identify the visitors as the Chancellor Niels Kaas and the Privy Councillor Jørgen Rosenkrantz.,,Cancelarius Georg Ros.,FRIIS1876,108,118,note located on the page,A
d-1588-07-09-a,1588-07-09,9 Jul 1588,Julian,Angli,Englishmen (unidentified group),,,unknown,arrival,Englishmen were present at Uraniborg,England,Angli aderant.,FRIIS1876,108,118,note located on the page,B
d-1588-08-06-a,1588-08-06,6 Aug 1588,Julian,Theodorus,Theodorus (unidentified; possibly Theodor Pontanus or another associate),,,unknown,arrival,Theodorus came to Uraniborg,,Theodorus hue venit.,FRIIS1876,110,120,note located on the page,A
d-1589-03-02-a,1589-03-02,2 Mar 1589,Julian,Martinus Ingeldi,Martinus Ingeldi (probably a Tycho disciple; identified in footnote),,,scholar,arrival,Martinus Ingeldi came to Uraniborg,,Martinus Ingeldi venit.,FRIIS1876,119,129,note located on the page,A
d-1589-04-11-a,1589-04-11,11 Apr 1589,Julian,Arizold. Wit.,Arild Huitfeldt (Danish historian and statesman; identified in footnote),,,nobility,arrival,Arild Huitfeldt came to Uraniborg,,Arizold. Wit. ven.,FRIIS1876,121,131,day's entry on the page,A
d-1589-04-12-a,1589-04-12,12 Apr 1589,Julian,Ariz.; Otto Islán.,Arild Huitfeldt (departed); Odd Einarsen (= Otto Islandiæ; formerly Tycho's disciple; later Superintendent in Iceland; identified in footnote),,,scholar,arrival,Arild Huitfeldt departed; Odd Einarsen (Otto Islandiæ) came,,Ariz. ab. — Otto Islán. ven.,FRIIS1876,122,132,note located on the page,A
d-1589-05-14-a,1589-05-14,14 May 1589,Julian,Axel Gylclenst.; Georg. Brahe; Domina; P. Jac.; D. Isaach de Landsk.,Axel Gyldenstierne; Jørgen Brahe with his wife Ingeborg Parsberg; Peder Jacobsen Flemløse (Tycho's disciple); Isak Olsen from Landskrona,COR_AXEL_GYLDENSTIERNE,,nobility,arrival,"Axel Gyldenstierne, Jørgen Brahe with wife, Peder Jacobsen Flemløse, and Isak Olsen from Landskrona came",Landskrona,Venere Axel Gylclenst. Georg. Brahe cum Domina et P. Jac. och D. Isaach de: Landsk.,FRIIS1876,124,134,note located on the page,A
d-1589-05-29-a,1589-05-29,29 May 1589,Julian,Soph. Brahe; Tag. F.,"Sophia Brahe (Tycho's sister); Tage Thott (her son, born 1580, identified in footnote)",COR_SOPHIE_BRAHE,,family,arrival,Sophia Brahe came with her son Tage Thott,,Soph. Brahe cum Tag. F.,FRIIS1876,125,135,note located on the page,A
d-1589-06-08-a,1589-06-08,8 Jun 1589,Julian,And. Sev. Wel.,Anders Sørensen Vedel (Royal Historiographer; identified in footnote),COR_ANDERS_SØRENSEN_VEDEL,,scholar,arrival,Anders Sørensen Vedel came to Uraniborg,,And. Sev. Wel. ven.,FRIIS1876,126,136,note located on the page,A
d-1589-06-09-a,1589-06-09,9 Jun 1589,Julian,Frid. Rosenkr.; J. Resen; Elias,Frederik Rosenkrantz; Hans Paulsen Resen (later Bishop of Sjælland); Elias Olsen Morsing (Tycho's disciple),,,nobility,arrival,Frederik Rosenkrantz came with Hans Paulsen Resen and Elias Olsen Morsing,,Venit Frid. Rosenkr. cum J. Resen et Elias.,FRIIS1876,126,136,note located on the page,A
d-1589-06-13-a,1589-06-13,13 Jun 1589,Julian,"Dominus Lauren., past. in Scan.","Lord Laurentius, pastor in Scania (unidentified)",,,clergy,arrival,"Lord Laurentius, pastor in Scania, came",Scania,"Vemi Dominus Lauren.., past, in Scan.",FRIIS1876,126,136,note located on the page,B
d-1589-07-14-a,1589-07-14,14 Jul 1589,Julian,4 Scoti nob.,Four Scottish nobles (unidentified),,,nobility,arrival,Four Scottish nobles came and departed the same day,Scotland,Venerunt 4 Scoti nob. ab.,FRIIS1876,128,138,note located on the page,A
d-1589-07-25-a,1589-07-25,25 Jul 1589,Julian,Peregrinus nomine,"One named Peregrinus (possibly Peregrine Bertie, Lord Willoughby, English ambassador; identified tentatively in footnote)",,,nobility,arrival,One called Peregrinus visited Uraniborg,,Peregrinus nomine venit.,FRIIS1876,129,139,note located on the page,B
d-1589-08-04-a,1589-08-04,4 Aug 1589,Julian,Baldassar nitzuitz de Oberlautznitz,Balthasar Nitzewitz from Upper Lusatia (learned nobleman; identified in footnote as 'Baldassar nitzuitz'),,,nobility,arrival,Learned nobleman Balthasar Nitzewitz from Upper Lusatia came,Upper Lusatia,Venit nobilis doctus d Oberlautznitz Baldassar nitzuitz nomine.,FRIIS1876,130,140,note located on the page,B
d-1589-08-07-a,1589-08-07,7 Aug 1589,Julian,Soph. S. T.,Sophia Brahe (Soror = sister of Tycho),COR_SOPHIE_BRAHE,,family,arrival,"Sophia Brahe, Tycho's sister, came",,Soph. S. T. venit.,FRIIS1876,130,140,note located on the page,A
d-1589-08-12-a,1589-08-12,12 Aug 1589,Julian,"M. Ludolphus, Poeta Magdeburg.","Magister Ludolphus, poet from Magdeburg (unidentified)",,,scholar,arrival,"Student Magister Ludolphus, poet from Magdeburg, came",Magdeburg,"Venit stud. M. Ludolphus, Poeta Magdeburg.",FRIIS1876,130,140,note located on the page,A
d-1589-08-17-a,1589-08-17,17 Aug 1589,Julian,Plures; Ericus Langius,Several visitors came with Erik Lange (footnote: later betrothed to Tycho's sister Sophie Brahe),FAM_ERIK_LANGE,,nobility,arrival,Several visitors came with Erik Lange,,Plures venerunt cum Erico Langio.,FRIIS1876,131,141,note located on the page,B
d-1589-10-10-a,1589-10-10,10 Oct 1589,Julian,vx. frat. Georg.; Stenus Maltess.,Wife of Jørgen Brahe (= Ingeborg Parsberg); Steen Maltesen Sehested (Lensmand of Kronborg; identified in footnote),,,nobility,arrival,"Wife of Jørgen Brahe came with Steen Maltesen Sehested, Lensmand of Kronborg",,Ven. vx. frat. Georg. cum Stenone Maltess.,FRIIS1876,134,144,note located on the page,A
d-1589-10-20-a,1589-10-20,20 Oct 1589,Julian,D. Nie. Crag.,D. Nicolaus Krag (Danish humanist scholar; visited Uraniborg multiple times),COR_NIELS_KRAG,,scholar,arrival,D. Nicolaus Krag came to Uraniborg,,D. Nie. Crag. v.,FRIIS1876,134,144,note located on the page,A
d-1590-02-09-a,1590-02-09,9 Feb 1590,Julian,Soph. Sor. T.,Sophia Brahe (Soror = sister of Tycho),COR_SOPHIE_BRAHE,,family,arrival,"Sophia Brahe, Tycho's sister, came",,Soph. Sor. T. V.,FRIIS1876,141,151,note located on the page,A
d-1590-02-13-a,1590-02-13,13 Feb 1590,Julian,Soph.,Sophia Brahe (Tycho's sister),COR_SOPHIE_BRAHE,,family,departure,Sophia Brahe departed,,Soph. ab.,FRIIS1876,141,151,note located on the page,A
d-1590-03-08-a,1590-03-08,8 Mar 1590,Julian,N.; Sor. T.,N. (probably Nicolaus Krag); Sophia Brahe (Soror/sister of Tycho),,,family,arrival,N. [Nicolaus] and Sophia Brahe came,,N. Sor. T. ven.,FRIIS1876,142,152,note located on the page,B
d-1590-03-10-a,1590-03-10,10 Mar 1590,Julian,Eric. Lang.,Erik Lange (Danish nobleman; later betrothed to Sophia Brahe),FAM_ERIK_LANGE,,nobility,arrival,Erik Lange came to Uraniborg,,Eric. Lang. venit.,FRIIS1876,143,153,note located on the page,A
d-1590-03-11-a,1590-03-11,11 Mar 1590,Julian,Elias,Elias Olsen Morsing,MORSING,,staff,death,Death of Tycho's assistant Elias Olsen Morsing at Uraniborg,,Elias obiit,FRIIS1876,143,153,note located on the page,A
d-1590-03-14-a,1590-03-14,14 Mar 1590,Julian,Steno Malteson; E. Lange; Soph. S. Tych.,Steen Maltesen Sehested (Lensmand of Kronborg); Erik Lange; Sophia Brahe (sister of Tycho),,,nobility,departure,Steen Maltesen came and departed together with Erik Lange and Sophia Brahe,,Steno Malteson venit et abiit cum E. Lange et Soph. S. Tych.,FRIIS1876,143,153,note located on the page,A
d-1590-03-18-a,1590-03-18,18 Mar 1590,Julian,Soph. S.,Sophia Brahe (Sister; Tycho's sister),COR_SOPHIE_BRAHE,,family,arrival,Sophia Brahe came,,Soph. S. venit.,FRIIS1876,143,153,note located on the page,A
d-1590-03-19-a,1590-03-19,19 Mar 1590,Julian,Ericas Lange,Erik Lange (Danish nobleman; later betrothed to Sophia Brahe),FAM_ERIK_LANGE,,nobility,arrival,Erik Lange came to Uraniborg,,Ericas Lange v.,FRIIS1876,143,153,note located on the page,A
d-1590-03-20-a,1590-03-20,20 Mar 1590,Julian,Rex Scotiæ,James VI of Scotland,,88082612,royalty,arrival,King of Scots visited Uraniborg in the morning; shown the instruments and library,,Rex Scotiæ venit mane H. 8. abiit H. 3.,FRIIS1876,143,153,note located on the page,A
d-1590-03-20-b,1590-03-20,20 Mar 1590,Julian,Rex Scotiæ,James VI of Scotland,,88082612,royalty,departure,King of Scots departed Uraniborg at the third hour (3 PM); single-day visit,,Rex Scotiæ venit mane H. 8. abiit H. 3.,FRIIS1876,143,153,note located on the page,A
d-1590-04-06-a,1590-04-06,6 Apr 1590,Julian,Er. Lang.; Arn. flor.,Erik Lange (came and departed); Arnoldus Florentius (came; unidentified),FAM_ERIK_LANGE,,nobility,arrival,Erik Lange came and departed; Arnoldus Florentius came,,Er. Lang. venit et abiit. Arn. flor. ven.,FRIIS1876,144,154,note located on the page,A
d-1590-04-15-a,1590-04-15,15 Apr 1590,Julian,Er. Lang.; Soph. Br.,Erik Lange; Sophia Brahe (Tycho's sister),FAM_ERIK_LANGE,,family,arrival,Erik Lange and Sophia Brahe came,,Er. Lang. et Soph. Br. venere.,FRIIS1876,145,155,note located on the page,A
d-1590-04-23-a,1590-04-23,23 Apr 1590,Julian,Ericus Lange; Sophia Brahe; Andreas Velleius,"Erik Lange; Sophia Brahe; Andreas Velleius (= Anders Sørensen Vedel, Royal Historiographer; footnote: Wegener, 2nd ed. p. 161)",FAM_ERIK_LANGE,,family,arrival,"Erik Lange and Sophia Brahe came in the evening; also Anders Sørensen Vedel (Andreas Velleius), Royal Historiographer",,"Ericus Lange et Sophia Brahe peruesperi venerunt. Adueniebat etiam hoc die Andreas Velleius, Regius Historiographus.",FRIIS1876,145,155,note located on the page,A
d-1590-04-24-a,1590-04-24,24 Apr 1590,Julian,Comes ex comitatu Principis Brunsuicensis,Count and others from the suite of Prince of Brunswick; came from Helsingør and departed same hour,,,nobility,arrival,Count and others from Brunswick's suite came from Helsingør and departed,Helsingør,Comes et alii ex comitatu Principis Brunsuicensis Helsingorä accedebant discedebantque circa horam eodem.,FRIIS1876,145,155,note located on the page,A
d-1590-05-01-a,1590-05-01,1 May 1590,Julian,Sophia Soror Tych.,Sophia Brahe (Soror = sister of Tycho),COR_SOPHIE_BRAHE,,family,arrival,"Sophia Brahe, Tycho's sister, came in the evening",,Sophia Soror Tych. vesperi venit.,FRIIS1876,146,156,note located on the page,A
d-1590-05-04-a,1590-05-04,4 May 1590,Julian,Princeps Bronsigensis,"Henry Julius, Duke of Brunswick-Wolfenbüttel",,,royalty,arrival,Duke of Brunswick arrived with a retinue of nobles at the ninth hour (9 AM),,Princeps Bronsigensis comitatu nobilium hora nona accessit discessitque 5 circiter p. m.,FRIIS1876,147,157,note located on the page,A
d-1590-05-04-b,1590-05-04,4 May 1590,Julian,Princeps Bronsigensis,"Henry Julius, Duke of Brunswick-Wolfenbüttel",,,royalty,departure,Duke of Brunswick departed around the fifth hour in the afternoon (5 PM),,Princeps Bronsigensis comitatu nobilium hora nona accessit discessitque 5 circiter p. m.,FRIIS1876,147,157,note located on the page,A
d-1590-05-20-a,1590-05-20,20 May 1590,Julian,D. Nicolaus Krag.; M. Jonas; M. Michael; Laurentius Mul.,D. Nicolaus Krag; M. Jonas (= Jonas Venusinus per footnote); M. Michael; Laurentius Mul. — all from Copenhagen,COR_NIELS_KRAG,,scholar,arrival,"Nicolaus Krag, Jonas Venusinus, Michael, and Laurentius Mul came from Copenhagen",Copenhagen,"Hafnia nos inviserunt D. Nicolaus Krag. M. Jonas, M. Michael. Laurentius Mul.",FRIIS1876,148,158,note located on the page,A
d-1590-05-22-a,1590-05-22,22 May 1590,Julian,Scoti nobiles,Scottish nobles (unidentified group),,,nobility,arrival,Scottish nobles came in the evening,Scotland,Vesperi Scoti nobiles accesserunt.,FRIIS1876,148,158,note located on the page,A
d-1590-05-25-a,1590-05-25,25 May 1590,Julian,Sophia Brahe,Sophia Brahe (Tycho's sister),COR_SOPHIE_BRAHE,,family,arrival,Sophia Brahe came to Uraniborg,,Sophia Brahe hue accessit.,FRIIS1876,149,159,note located on the page,A
d-1590-05-31-a,1590-05-31,31 May 1590,Julian,Johannes Bilde; Mathias scriba; Mar.,Johannes Bilde (consobrinus = cousin of Tycho); Mathias the scribe (from Kronborg); Martinus [Ingeldi] returned with them,,,nobility,arrival,Johannes Bilde (Tycho's cousin) and Mathias the scribe came from Kronborg; Martinus returned with them,Kronborg,"Johannes Bilde, consobrinus Tychonis et Mathias scriba Coronia hue accesserunt circa horam 5 et cum iis Mar. rediit.",FRIIS1876,149,159,note located on the page,A
d-1590-06-03-a,1590-06-03,3 Jun 1590,Julian,M. Martinus Plecius; Johannes Oth,Magister Martinus Plecius (Rector of Haderslev School; footnote: later pastor in Schleswig; contributed Latin verses to Tycho's Epistolae astronomicae); Johannes Oth (court companion),,,scholar,arrival,Rector Martinus Plecius of Haderslev School arrived around midday with court companion Johannes Oth,,Accessit circa merid. M. Martinus Plecius rector Scholæ Hatersleviensis cum quodam comité áulico Johanne Oth.,FRIIS1876,150,160,note located on the page,A
d-1590-06-12-a,1590-06-12,12 Jun 1590,Julian,Jacobus Holst Haffniensis,"Jacobus Holst, merchant from Copenhagen",,,merchant,arrival,"Jacobus Holst, merchant from Copenhagen, came to Uraniborg",Copenhagen,Jacobus Holst Haffniensis mercator hue accessit.,FRIIS1876,150,160,note located on the page,A
d-1590-06-15-a,1590-06-15,15 Jun 1590,Julian,M. Christoph. Chymist.; M. Johan architectus,M. Christophorus the Chemist (unidentified; possibly a laboratory assistant); M. Johan the Architect (unidentified),,,scholar,arrival,M. Christophorus the Chemist and M. Johan the Architect came from Copenhagen,Copenhagen,Hafnia hue accesserunl M. Christoph. Chymist. M. Johan architectus.,FRIIS1876,151,161,note located on the page,A
d-1590-07-07-a,1590-07-07,7 Jul 1590,Julian,tabellar. Prag.,A messenger from Prague (unidentified),,,messenger,arrival,A messenger from Prague came to Uraniborg,Prague,Venil tabellar. Prag.,FRIIS1876,153,163,note located on the page,B
d-1590-07-13-a,1590-07-13,13 Jul 1590,Julian,Sophie B.; D. Nicolaus Crag.,Sophia Brahe (Tycho's sister); D. Nicolaus Krag,COR_SOPHIE_BRAHE,,family,arrival,Sophia Brahe and D. Nicolaus Krag came from Copenhagen,Copenhagen,Sophie B. et D. Nicolaus Crag. Hafnia advenerunl.,FRIIS1876,153,163,note located on the page,A
d-1590-07-22-a,1590-07-22,22 Jul 1590,Julian,Avlicus cimber Petrus civis Arhusiensis,"Petrus, a Jutland courtier and citizen of Aarhus",,,unknown,arrival,"A Jutland courtier named Petrus, citizen of Aarhus, came",Aarhus,Venit Avlicus cimber Petrus civis Arhusiensis.,FRIIS1876,154,164,note located on the page,A
d-1590-07-26-a,1590-07-26,26 Jul 1590,Julian,S. B.,Sophia Brahe (Tycho's sister),COR_SOPHIE_BRAHE,,family,arrival,Sophia Brahe came immediately after Tycho's departure,,Venit S. B. confestim post Tychonis discessum.,FRIIS1876,155,165,note located on the page,A
d-1590-07-27-a,1590-07-27,27 Jul 1590,Julian,tres studiosi Mgri. Argentinenses,Three Masters from Strasbourg (unidentified students),,,scholar,arrival,Three Masters from Strasbourg came to Uraniborg,Strasbourg,Venerunl tres studiosi Mgri. Argentinenses.,FRIIS1876,155,165,note located on the page,A
d-1590-08-01-a,1590-08-01,1 Aug 1590,Julian,Rothmannus,Christoph Rothmann (mathematician to Landgrave Wilhelm IV of Hesse-Kassel),COR_CHRISTOPHER_ROTHMANN,54259697,astronomer,arrival,"Tycho returned to Hven in the evening with Rothmann, the Landgrave's mathematician; visit of approximately one month",Kassel,"Rediit Tycho vesperi cum Rothmanno, Landtgravii Mathematico.",FRIIS1876,155,165,note located on the page,A
d-1590-08-03-a,1590-08-03,3 Aug 1590,Julian,M. Johannes Rungellius Isnachsensis; Johannes Hippius Bergensis ad Viram; Bertholdus Rudingerus Hertzfeldianus; Matthias Biotins Polonus,"Johannes Rungellius from Eisenach; Johannes Hippius from Berka an der Werra; Bertholdus Rudingery from Herzfeld; Matthias Flotius (the print reads 'Biotins'), a Pole — four German students",,,scholar,arrival,"Four German students came: Johannes Rungellius, Johannes Hippius, Bertholdus Rudingery, and Matthias Flotius (a Pole)",Germany,"Accesserunt quatuor studiosi Germani, M. Johannes Rungellius Isnachsensis, Johannes Hippius Bergensis ad Viram, Bertholdus Rudingerus Hertzfeldianus, Matthias Biotins Polonus.",FRIIS1876,156,166,note located on the page,B
d-1590-08-09-a,1590-08-09,9 Aug 1590,Julian,Guilihelmus Kett; Georgius Gedde; Christophorus a Valrott Borusius; Johannes Schrotten; Christophorus Siletius,Wilhelm Kett (English nobleman); Georgius Gedde (learned Scottish nobleman; previous visitor); Christophorus a Valrott (Prussian learned young man); Johannes Schrotten; Christophorus Siletius — lodged overnight,,,nobility,arrival,"Wilhelm Kett arrived with Georg Gedde (learned Scottish nobleman, previous visitor) and others; four more from Helsingør including Christophorus a Valrott, Johannes Schrotten, and Christophorus Siletius; all lodged overnight",Helsingør,"Accessit Guilihelmus Kett cum tribus aliis comitibus, inter qvos unus erat mercator Scotus, alter qui antea hic fuit, doctus nobilis vocatus Georgius Gedde. Hic discesserunt eadem vespera. Accesserunt et alii quatuor Helsingora, inter qvos unus, Christophorus a Valrott Borusius, doctus adolescens et peregrinus nobilis fuit. Johannes Schrotten, Christophorus Siletius; hi apud nos pernoctarunt.",FRIIS1876,156,166,note located on the page,A
d-1590-08-25-a,1590-08-25,25 Aug 1590,Julian,Hieronimus Mogaslerus,"Hieronymus Mogaslerus, German nobleman, envoy of Archduke Charles of Austria",,,diplomat,arrival,"Hieronymus Mogaslerus, envoy of Archduke Charles of Austria, came to Uraniborg",Austria,"Hic accessit nobilis quidam Germanus, Caroli Ducis Austria legatus. cui nomen Hieronimus Mogaslerus.",FRIIS1876,157,167,note located on the page,A
d-1590-08-27-a,1590-08-27,27 Aug 1590,Julian,nobilis germanis,A German nobleman (unidentified),,,nobility,arrival,A German nobleman came and departed,Germany,Venit nobilis germanis discessitque.,FRIIS1876,157,167,note located on the page,B
d-1590-09-01-a,1590-09-01,1 Sep 1590,Julian,Rothmannus,Christoph Rothmann,COR_CHRISTOPHER_ROTHMANN,54259697,astronomer,departure,Rothmann departed after approximately one month's stay at Uraniborg,Kassel,Abiit Rothmannus.,FRIIS1876,158,168,note located on the page,A
d-1590-09-08-a,1590-09-08,8 Sep 1590,Julian,Escherus Bilde,Escherus Bilde (Danish nobleman from the Bilde family),,,nobility,arrival,Escherus Bilde came late in the evening,,Venit sero vesperi Escherus Bilclt.,FRIIS1876,159,169,note located on the page,A
d-1590-09-13-a,1590-09-13,13 Sep 1590,Julian,Giorg. Broch,Georg Brockenhuys (noble youth; came with tutor and servant),,,nobility,arrival,Noble youth Georg Brockenhuys came with his tutor and servant,,"Venit hue nobilis adolescens Giorg. Broch, cum prœceptore et fámulo.",FRIIS1876,159,169,note located on the page,A
d-1590-09-16-a,1590-09-16,16 Sep 1590,Julian,Sophia Brahe,Sophia Brahe (Tycho's sister),COR_SOPHIE_BRAHE,,family,arrival,Sophia Brahe came to Uraniborg,,Sophia Brahe accessit.,FRIIS1876,159,169,note located on the page,A
d-1590-09-23-a,1590-09-23,23 Sep 1590,Julian,Eschildus Bilde,Eschildus Bilde (Danish nobleman from the Bilde family),,,nobility,arrival,Eschildus Bilde came,,Venit Eschildus Bilde.,FRIIS1876,160,170,note located on the page,A
d-1590-09-27-a,1590-09-27,27 Sep 1590,Julian,Lavo Orne,"Lavo Orne (unidentified; possibly the 'Lago Vrne' of Jun 26, 1591)",,,unknown,arrival,Lavo Orne came in the morning,,Venit Lavo Orne mane.,FRIIS1876,160,170,note located on the page,A
d-1590-10-07-a,1590-10-07,7 Oct 1590,Julian,Quatuor studiosi Hafnienses,Four students from Copenhagen (unidentified),,,scholar,arrival,Four students from Copenhagen came and left,Copenhagen,Quatuor studiosi Hafnienses accedunt atque recedunt.,FRIIS1876,161,171,note located on the page,B
d-1590-10-14-a,1590-10-14,14 Oct 1590,Julian,Henrich Momme,Henrich Momme (unidentified),,,unknown,arrival,Henrich Momme came,,Henrich Momme accedit.,FRIIS1876,162,172,note located on the page,B
d-1590-10-26-a,1590-10-26,26 Oct 1590,Julian,Tycho; Conradus; doctor juris Scotus,Tycho Brahe returned from Copenhagen; with him Conradus (associate) and an unnamed Scottish doctor of law,TYCHO,,scholar,arrival,Tycho returned from Copenhagen with Conradus and a Scottish doctor of law,Copenhagen,"Rediit Tycho Hafnia et cum eo Conradus et doctor quidam juris, natione Scotus.",FRIIS1876,163,173,note located on the page,A
d-1590-10-31-a,1590-10-31,31 Oct 1590,Julian,Oluff Rossenssper.; Domina sua; Sophia B.,Olaf Rosenspar with his wife; Sophia Brahe (Tycho's sister),COR_OLUF_ROSENSPARRE,,nobility,arrival,Olaf Rosenspar with his wife and Sophia Brahe came,,Accesserunt Oluff Rossenssper. cum Domina sua et Sophia B.,FRIIS1876,163,173,note located on the page,A
d-1590-11-10-a,1590-11-10,10 Nov 1590,Julian,cornes quidam peregrinus; duo nob.,A certain foreign count with two nobles (all unidentified); came from Helsingør,,,nobility,arrival,A foreign count with two nobles came from Helsingør,Helsingør,Accessit hue Helsingora cornes quidam peregrinus cum duobus aliis nobilis.,FRIIS1876,164,174,note located on the page,B
d-1590-12-01-a,1590-12-01,1 Dec 1590,Julian,Soph. Brahe,Sophia Brahe (Tycho's sister),COR_SOPHIE_BRAHE,,family,arrival,Sophia Brahe came from Copenhagen in the evening,Copenhagen,Venit Soph. Brahe Hafnia vesperi.,FRIIS1876,165,175,note located on the page,A
d-1590-12-17-a,1590-12-17,17 Dec 1590,Julian,Dominus Jacobus Coronensis,Lord Jacobus from Kronborg (unidentified),,,unknown,arrival,Lord Jacobus from Kronborg came,Kronborg,Accessit Dominus Jacobus Coronensis.,FRIIS1876,167,177,note located on the page,B
d-1591-01-01-a,1591-01-01,1 Jan 1591,Julian,Giorgius Michaelis,"Georgius Michaelis, Canon of Lund (Canonicus Lundensis)",,,clergy,arrival,"Georgius Michaelis, Canon of Lund, came to Uraniborg",Lund,Giorgius Michaelis canonicus Lundensis venit.,FRIIS1876,168,178,note located on the page,A
d-1591-01-03-a,1591-01-03,3 Jan 1591,Julian,Escherus Bilde,Escherus Bilde (Danish nobleman from the Bilde family),,,nobility,arrival,Escherus Bilde came,,Escherus Bilde venit.,FRIIS1876,168,178,note located on the page,A
d-1591-01-20-a,1591-01-20,20 Jan 1591,Julian,Sophia B.; Cladius Podbusk,"Sophia Brahe (Tycho's sister); Cladius [Bilde? — the print is unclear; Friis's footnote: 'there seems to stand Podbusk, but very indistinctly; on the 21st it clearly says Bilde']",COR_SOPHIE_BRAHE,,family,arrival,Sophia Brahe and Cladius came,,Venit Sophia B. et Cladius Podbusk.,FRIIS1876,169,179,note located on the page,B
d-1591-03-22-a,1591-03-22,22 Mar 1591,Julian,Legatus a Lantgravio,Envoy from the Landgrave of Hesse-Kassel (Wilhelm IV; Tycho's key correspondent),,,diplomat,arrival,Envoy from Landgrave Wilhelm IV of Hesse-Kassel came,Hesse-Kassel,Legatus a Lantgravio venit.,FRIIS1876,173,183,note located on the page,A
d-1591-03-27-a,1591-03-27,27 Mar 1591,Julian,Soph. B.,Sophia Brahe (Tycho's sister),COR_SOPHIE_BRAHE,,family,arrival,Sophia Brahe came,,Venit Soph. B.,FRIIS1876,173,183,note located on the page,A
d-1591-03-30-a,1591-03-30,30 Mar 1591,Julian,mater Tychonis; Elizabeta Ros.; capitaneus Suecus,Tycho's mother (Beate Bille); Elizabeta Rosenkrantz; an unnamed Swedish captain,COR_BEATE_BILLE,,family,arrival,Tycho's mother came; also Elizabeta Rosenkrantz and a Swedish captain came with Elizabeta,,Venil mater Tychonis et circa vesperas Elizabeta Ros. — Venit cnm Elizabetha quidam capitaneus Suecus.,FRIIS1876,174,184,note located on the page,A
d-1591-04-08-a,1591-04-08,8 Apr 1591,Julian,Henricus Valker bibliopola,Henrik Waldkirch (= 'Henricus Valker'; the famous bookseller; footnote: 'Den bekjendte Boghandler Henrik Waldkirch'),,,merchant,arrival,The famous bookseller Henrik Waldkirch came to Uraniborg,,Vemi Henricus Valker bibliopola.,FRIIS1876,175,185,note located on the page,A
d-1591-04-15-a,1591-04-15,15 Apr 1591,Julian,Escherus Bilde,Escherus Bilde (Danish nobleman from the Bilde family),,,nobility,arrival,Escherus Bilde came from Scania around evening,Scania,"Venil e Schama Escherus Bilde circa, vesper.",FRIIS1876,175,185,note located on the page,A
d-1591-04-16-a,1591-04-16,16 Apr 1591,Julian,"D. Claudius, Jurisconsultus; Conradus",D. Claudius (jurist; unidentified); Conradus (associate of Tycho),,,scholar,arrival,"D. Claudius, jurist, came from Copenhagen with Conradus",Copenhagen,"Venit Hafnia D. Claudius, Jurisconsultus cum Conrado.",FRIIS1876,175,185,note located on the page,A
d-1591-05-07-a,1591-05-07,7 May 1591,Julian,Stheno Bilde; Frederick Vlfeld; Siv.; Sophia B.; Johannes Rost,Steen Bilde; Frederik Ulfeldt; Sivord (Sivert; unidentified); Sophia Brahe (from Scania); Johannes Rost,,,nobility,arrival,"From Copenhagen: Steen Bilde, Frederik Ulfeldt, Sivord; from Scania: Sophia Brahe with Johannes Rost",Copenhagen,"Venerunt hic Hafnia Stheno Bilde. Frederick Vlfeld, Siv or d. Item e Scania Sophia B. venit Con: cum Joh. Rost.",FRIIS1876,177,187,note located on the page,A
d-1591-05-22-a,1591-05-22,22 May 1591,Julian,Dominus Isach,Lord Isach (unidentified; possibly Isak Olsen from Landskrona),,,unknown,arrival,Lord Isach came,,Venit Dominus Isach.,FRIIS1876,178,188,note located on the page,B
d-1591-05-24-a,1591-05-24,24 May 1591,Julian,Superintendens Bergensisk; Giorgius Brochenhusius,Anders Foss (Superintendent of Bergen; footnote: appointed 5 May 1583); Georgius Brockenhuys,,,clergy,arrival,The Superintendent of Bergen (Anders Foss) and Georgius Brockenhuys came,Bergen,Venil Superintendens Bergensisk Giorgius Brochenhusius.,FRIIS1876,178,188,note located on the page,A
d-1591-05-25-a,1591-05-25,25 May 1591,Julian,D. Johan. pastor Cogerrod,"D. Johan, pastor of Kaagerød (footnote: 'Kaagerød er Navnet paa det Sogn, i hvilket Knudstrup, der tilhørte Tyge Brahe, ligger' — the parish of Tycho's Knudstrup estate)",,,clergy,arrival,"D. Johan, pastor of Kaagerød (the parish of Tycho's Knudstrup estate), came",Kaagerød,D. Johan. pastor Cogerrod venit.,FRIIS1876,178,188,note located on the page,A
d-1591-05-25-b,1591-05-25,25 May 1591,Julian,Naves Regiæ Hafnia,Royal fleet (fleet's first leg: Copenhagen to Helsingør heading for Norway),,,royalty,event,"Royal ships from Copenhagen arrived at Helsingør in the evening, heading for Norway (first leg of Prince Christian's voyage)",Helsingør,Naves Regiæ Hafnia solutœ Helssingoram Norvegiam versus venerunt vesperi.,FRIIS1876,178,188,note located on the page,A
d-1591-05-26-a,1591-05-26,26 May 1591,Julian,Princeps Christianus (IV); Naves Regiæ,Prince Christian (IV of Denmark); Royal fleet departing Helsingør for Norway,CHR4,,royalty,event,Royal ships with Prince Christian (IV) left Helsingør station and proceeded towards Norway.,Norway,Naves Regiæ stationem apud Helsingoram relinqventes cum Principe Ch. Norvegiam versus perrererunt.,FRIIS1876,178,188,note located on the page,A
d-1591-06-07-a,1591-06-07,7 Jun 1591,Julian,Escherus Bilde,Escherus Bilde (Danish nobleman from the Bilde family),,,nobility,arrival,Escherus Bilde came,,Escherus Bilde venit.,FRIIS1876,179,189,note located on the page,A
d-1591-06-16-a,1591-06-16,16 Jun 1591,Julian,D. N. K.,D. Nicolaus Krag (Danish humanist scholar),COR_NIELS_KRAG,,scholar,arrival,D. Nicolaus Krag came to Uraniborg,,D. N. K. venil.,FRIIS1876,179,189,note located on the page,A
d-1591-07-14-a,1591-07-14,14 Jul 1591,Julian,Domina Christina Cancellarii Regni,"Christine Lykke (widow of Royal Chancellor Eiler Grubbe; footnote: 'Fru Christine Lykke, Enke efter Rigskansler Eiler Grubbe, der døde i Kjøbenhavn d. 20. Novbr. 1585')",,,nobility,arrival,"Lady Christine Lykke, widow of Royal Chancellor Eiler Grubbe (d. 20 Nov 1585), came and departed the same day",,Domina Christina Cancellarii Regni demortui venit discessitque.,FRIIS1876,180,190,note located on the page,A
d-1591-07-15-a,1591-07-15,15 Jul 1591,Julian,Joachimus Sparthius I.C.; Fredericus Austrus,Joachimus Sparthius (jurist; councillor of the Dukes of Brieg) with three German young men; Fredericus Austrus (of baronial lineage) visited in the afternoon,,,scholar,arrival,"Joachimus Sparthius, councillor of the Dukes of Brieg, came with three German young men; also Fredericus Austrus (of baronial lineage) visited in the afternoon",Silesia,Accessit hue Joachimus Sparthius I.C. Ducum Brigensium conciliarius cum tribus aliis adolesc Ger. Eodem die post meridiem invisit nos Fredericus Austrus Baronum sanguine oriundus.,FRIIS1876,180,190,note located on the page,A
d-1591-07-24-a,1591-07-24,24 Jul 1591,Julian,Sophia B.,Sophia Brahe (Tycho's sister),COR_SOPHIE_BRAHE,,family,arrival,Sophia Brahe came,,Venit Sophia B.,FRIIS1876,181,191,note located on the page,A
d-1591-08-04-a,1591-08-04,4 Aug 1591,Julian,Falco Goe; uxor; Ericus Lang; Sop. B.,Falco Gøye with his wife (from Copenhagen); Erik Lange and Sophia Brahe (from Helsingør),,,nobility,arrival,Falco Gøye with his wife came from Copenhagen; later Erik Lange and Sophia Brahe came from Helsingør,Copenhagen,Venit Falco Goe cum uxore Hafnia; item post M. N. Ericus Lang et Sop. B. Helsingora.,FRIIS1876,182,192,note located on the page,A
d-1591-08-15-a,1591-08-15,15 Aug 1591,Julian,Ericus Lang; S. B.,Erik Lange; Sophia Brahe (Tycho's sister),FAM_ERIK_LANGE,,family,arrival,Erik Lange and Sophia Brahe came,,Ericus Lang et S. B. venerunt.,FRIIS1876,182,192,note located on the page,A
d-1591-08-20-a,1591-08-20,20 Aug 1591,Julian,tres studiosi Lusati,Three Lusatian students (unidentified),,,scholar,arrival,Three Lusatian students were at Uraniborg,Lusatia,Adfuere tres studiosi Lusati.,FRIIS1876,182,192,note located on the page,A
d-1591-08-24-a,1591-08-24,24 Aug 1591,Julian,Præceptor Tagonis Tot,Tutor of Tage Thott (son of Sophia Brahe and Otto Thott; born 1580),,,scholar,arrival,The tutor of Tage Thott came to Uraniborg,,Præceptor Tagonis Tot venit.,FRIIS1876,182,192,note located on the page,A
d-1591-08-30-a,1591-08-30,30 Aug 1591,Julian,Olaus Rosensper; Johannes Rud; Franciscus Baner,Olaus Rosenspar; Johannes Rud; Franciscus Banner,COR_OLUF_ROSENSPARRE,,nobility,arrival,"Olaus Rosenspar, Johannes Rud, and Franciscus Banner came",,"Venit Olaus Rosensper el Johannes Rud, item Franciscus Baner.",FRIIS1876,183,193,note located on the page,A
d-1591-09-04-a,1591-09-04,4 Sep 1591,Julian,Ericus Lang; Johannes Albertus ab Anvil; N. Bog.,Erik Lange; Johannes Albertus ab Anvil (German noble); another with surname N. Bog (German noble; the print is unclear),FAM_ERIK_LANGE,,nobility,arrival,Erik Lange came late in the evening with two German nobles: Johannes Albertus ab Anvil and another (N. Bog.),Germany,"Vesperi sero venit Ericus Lang et cum eo duo nob. Ger. Johannes Albertus ab Anvil, cum qiiodam Astrico cognomento N. Bog.",FRIIS1876,183,193,note located on the page,A
d-1591-09-16-a,1591-09-16,16 Sep 1591,Julian,"Henrichus Ramel, Cancellarius Germanicus Regni; Envoldus Bomell",Henricus Ramel (German Chancellor of the Realm of Denmark); Envoldus Bomell,COR_HENRIK_RAMEL,,nobility,arrival,"Henricus Ramel, German Chancellor of the Realm, and Envoldus Bomell came from Helsingør late in the evening",Helsingør,"Advenerunt hue Helsingora sera vespera Henrichus Ramel, Cancellarius Germanicus Regni, et Envoldus Bomell.",FRIIS1876,184,194,note located on the page,A
d-1591-09-28-a,1591-09-28,28 Sep 1591,Julian,Ericus Lang,Erik Lange (from Scania),FAM_ERIK_LANGE,,nobility,arrival,Erik Lange came from Scania,Scania,Venil Ericus Lang e Scania.,FRIIS1876,184,194,note located on the page,A
d-1591-10-02-a,1591-10-02,2 Oct 1591,Julian,Henricus Guldenstiern; vxor; tres virgines,Henricus Gyldenstierne came with his wife and three maidens,,,nobility,arrival,Henricus Gyldenstierne came with his wife and three maidens,,Venit Henricus Guldenstiern eum vxore et tribus virginibus.,FRIIS1876,184,194,note located on the page,A
d-1591-10-31-a,1591-10-31,31 Oct 1591,Julian,uxores Olai Rosensper et Giorg B.,Wives of Olai Rosenspar and Jørgen Brahe,,,nobility,arrival,Wives of Olai Rosenspar and Jørgen Brahe came,,Venerunl uxores Olai Rosensper et Giorg B.,FRIIS1876,185,195,note located on the page,B
d-1591-11-29-a,1591-11-29,29 Nov 1591,Julian,Ericus Lang; Angli,Erik Lange; Englishmen (unidentified group),FAM_ERIK_LANGE,,nobility,arrival,Erik Lange came with Englishmen,England,Venil Ericus Lang cum Anglis.,FRIIS1876,187,197,note located on the page,A
d-1591-12-06-a,1591-12-06,6 Dec 1591,Julian,Tycho; E. L.; D. N. K.,Tycho Brahe returned; Erik Lange (E.L.); D. Nicolaus Krag (D.N.K.),TYCHO,,scholar,arrival,Tycho returned with Erik Lange and Nicolaus Krag,,Rediit Tycho cum E. L. et D. N. K.,FRIIS1876,187,197,note located on the page,A
d-1591-12-15-a,1591-12-15,15 Dec 1591,Julian,Ericus L.,Erik Lange,FAM_ERIK_LANGE,,nobility,arrival,Erik Lange came,,Ericus L. venit.,FRIIS1876,188,198,note located on the page,A
d-1591-12-23-a,1591-12-23,23 Dec 1591,Julian,Sop. B.; Magnus Barthl.,"Sophia Brahe (Tycho's sister); Magnus Barthelsen (= Mogens Bertelsen; footnote: 'Den bekjendte Mogens Bertelsen, der senere blev Forstander for Herlufsholms Skole' — later head of Herlufsholm school)",COR_SOPHIE_BRAHE,,family,arrival,Sophia Brahe and Mogens Bertelsen (later head of Herlufsholm school) came,,Venit Sop. B. et Magnus Barthl.,FRIIS1876,188,198,note located on the page,A
d-1592-04-29-a,1592-04-29,29 Apr 1592,Julian,Princeps noster,Prince Christian (future Christian IV of Denmark),CHR4,71427706,royalty,event,Announcement of our prince's imminent arrival at Hven,,Principis nostri adventus annunciabatur.,FRIIS1876,194,204,note located on the page,A
d-1592-04-30-a,1592-04-30,30 Apr 1592,Julian,Princeps noster,Prince Christian (future Christian IV of Denmark),CHR4,71427706,royalty,event,Conrad sent to meet the prince to postpone his arrival on account of sick persons at Uraniborg,,Conradus obviam mittetur principi de adventu ejus prorogando ob ægrotorum impedimenta acturus.,FRIIS1876,194,204,note located on the page,A
d-1592-05-01-a,1592-05-01,1 May 1592,Julian,duo Scoti studiosi,,,,student,arrival,Two Scottish students arrived at Uraniborg,Scotland,Advenerunt duo Scoti studiosi.,FRIIS1876,194,204,note located on the page,A
d-1592-05-08-a,1592-05-08,8 May 1592,Julian,Conradus; uxor Episcopi Bergensis; Henrich Mum,Conrad (staff/assistant); wife of the Bishop of Bergen and two daughters; Henricus Mum,,,unknown,arrival,"Conrad returned from Copenhagen with the wife and daughters of the Bishop of Bergen, and Henricus Mum",Copenhagen,"Conradus rediit Hafnia cum uxore Episcopi Bergensis et duabus filiabus, item Henrich Mum.",FRIIS1876,195,205,note located on the page,A
d-1592-06-02-a,1592-06-02,2 Jun 1592,Julian,Coronenses scholares,scholars from Kronborg (Elsinore),,,student,arrival,Students from Kronborg visited Uraniborg,Kronborg,Viserunt nos Coronenses scholares.,FRIIS1876,196,206,note located on the page,A
d-1592-06-03-a,1592-06-03,3 Jun 1592,Julian,Henrichus Mum,Henricus Mum,,,unknown,arrival,Henricus Mum arrived in the morning,,Henrichus Mum venit mane.,FRIIS1876,196,206,note located on the page,A
d-1592-06-04-a,1592-06-04,4 Jun 1592,Julian,Episcopus Fionensis M. J. M.,Bishop of Funen (unidentified initials M. J. M.),,,clergy,arrival,Bishop of Funen visited Uraniborg,Funen,Episcopus Fionensis M. J. M. nos invisit.,FRIIS1876,196,206,note located on the page,B
d-1592-06-05-a,1592-06-05,5 Jun 1592,Julian,Episcopus Fionensis,Bishop of Funen,,,clergy,departure,Bishop of Funen departed the next day after his visit,,Discessit Episcopus.,FRIIS1876,196,206,note located on the page,A
d-1592-06-06-a,1592-06-06,6 Jun 1592,Julian,fratres Tych. Axel et Canutus,Axel Brahe and Canute Brahe (Tycho's brothers),COR_AXEL_BRAHE,,family,arrival,Tycho's brothers Axel and Canute Brahe arrived at Uraniborg,,Venere fratres Tych. Axel et Canutus.,FRIIS1876,196,206,note located on the page,A
d-1592-07-03-a,1592-07-03,3 Jul 1592,Julian,princeps noster; Petrus Munck; Giorgius R.,Prince Christian (future Christian IV); Peder Munk (Admiral); Jørgen Rosenkrantz,CHR4,71427706,royalty,arrival,"Our prince visited with a modest retinue of nobles, including Admiral Peder Munk and Privy Councillor Jørgen Rosenkrantz",,"Invisit nos princeps noster cum non ita magno Nobilium comitatu, inter quem erant Petrus Munck et Giorgius R.",FRIIS1876,198,208,note located on the page,A
d-1592-07-06-a,1592-07-06,6 Jul 1592,Julian,Holgerus Rossenkranz; M. Daniel Cramer,Holger Rosenkrantz; Magister Daniel Cramer (German tutor),COR_HOLGER_ROSENKRANTZ,,nobility,arrival,Holger Rosenkrantz arrived with his German tutor Magister Daniel Cramer,,"Accessit Holgerus Rossenkranz cum prœceplore suo Germano, M. Daniele Cramero.",FRIIS1876,198,208,note located on the page,A
d-1592-07-08-a,1592-07-08,8 Jul 1592,Julian,Holgerus,Holger Rosenkrantz,COR_HOLGER_ROSENKRANTZ,,nobility,departure,Holger Rosenkrantz departed after a brief stay,,Discessit Holgerus.,FRIIS1876,198,208,note located on the page,A
d-1592-07-15-a,1592-07-15,15 Jul 1592,Julian,quidam Slesius nobilis,,,,nobility,arrival,An unnamed Silesian nobleman arrived with his tutor,Silesia,Accessit quidam Slesius nobilis cura prœcepl. suo.,FRIIS1876,198,208,note located on the page,B
d-1592-08-14-a,1592-08-14,14 Aug 1592,Julian,Nie. 2; Mag. Vlfeld N.K.; stud.,Nicolaus [unidentified]; Magister Ulfeld; N.K. [unidentified]; students,,,unknown,arrival,"Nicolaus, Magister Ulfeld, N.K. and students arrived; text heavily abbreviated",,Accesserunt Nie. 2 (?) Mag. Vlfeld N K. et (?) stud.,FRIIS1876,199,209,note located on the page,C
d-1592-08-15-a,1592-08-15,15 Aug 1592,Julian,[group of Aug 14],,,,unknown,departure,"The Aug 14 group departed, one student remaining",,"Discesserunt, remanente único studioso.",FRIIS1876,200,210,note located on the page,B
d-1592-08-19-a,1592-08-19,19 Aug 1592,Julian,Joh. Vandal,Johannes Vandal,,,unknown,departure,Johannes Vandal departed,,Abiit Joh. Vandal.,FRIIS1876,200,210,note located on the page,A
d-1592-08-24-a,1592-08-24,24 Aug 1592,Julian,Vilihelmus Dux Curlandiæ et Semigallice,"Wilhelm, Duke of Courland and Semigallia",,,royalty,arrival,"Wilhelm, Duke of Courland and Semigallia, visited with a middling retinue of nobles",,Vilihelmus Dux Curlandiæ et Semigallice adjuncta mediocri nobilitate nos invisit.,FRIIS1876,200,210,note located on the page,A
d-1592-09-02-a,1592-09-02,2 Sep 1592,Julian,Petrus J.,,,,unknown,arrival,Petrus J. (surname abbreviated) arrived,,Petrus J. venit.,FRIIS1876,200,210,note located on the page,B
d-1592-09-09-a,1592-09-09,9 Sep 1592,Julian,Aschlachus Gyldenstiern; vxor,Aslach Gyldenstierne with his wife,,,nobility,arrival,Aslach Gyldenstierne arrived with his wife,,Venit Aschlachus Gyldenstiern cum vxore.,FRIIS1876,201,211,note located on the page,A
d-1592-09-10-a,1592-09-10,10 Sep 1592,Julian,A. G.,Aslach Gyldenstierne,,,nobility,departure,Aslach Gyldenstierne departed,,Abiit A. G.,FRIIS1876,201,211,note located on the page,A
d-1592-09-13-a,1592-09-13,13 Sep 1592,Julian,Dnus Jacobus Coron.,"Jacob Joenssøn, parish priest of Landskrona",,,clergy,arrival,"Jacob Joenssøn, parish priest in Landskrona, arrived; identified in footnote",Landskrona,Dnus Jacobus Coron (?) ven.,FRIIS1876,201,211,note located on the page,B
d-1592-09-23-a,1592-09-23,23 Sep 1592,Julian,David Sasceridis; Nicolaus Bild,David Sascerides; Nicolaus Bild (and a servant of Jacobus Krab),,,scholar,arrival,David Sascerides arrived; also Nicolaus Bild and a servant of Jacobus Krab,,Venit David Sasceridis; item Jacobi Krabl?) servus et Nicolaus Bild.,FRIIS1876,201,211,note located on the page,A
d-1592-10-17-a,1592-10-17,17 Oct 1592,Julian,Ovo Lung; Christ. Friis; Domina S. B.,Ove Lung (or Lang); Christian Friis; Sophia Brahe (from Scania) with wives and daughters,,,nobility,arrival,"Ove Lung, Christian Friis with their wives and daughters, Birgitta T. and wife of Jacobus Hog, and Sophia Brahe arrived from Scania",Scania,Ovo Lung item Christ. Friis cum uxoribus et filiabus. item Birgitta T. et uxor Jacobi Hog (?) Domina S. B. e Scania accesserunt.,FRIIS1876,202,212,note located on the page,B
d-1592-10-19-a,1592-10-19,19 Oct 1592,Julian,Claudius Bilde; Henrichus,Claudius Bild; a German nobleman named Henrich,,,nobility,arrival,Noble guests departed; Claudius Bild arrived with a German nobleman named Henrich,,Discesserunt nobilis hospites et Claudius Bilde cum Germano quodam nobili Henricho venit.,FRIIS1876,202,212,note located on the page,A
d-1592-10-24-a,1592-10-24,24 Oct 1592,Julian,Soph. B.; Henrichus,Sophia Brahe; Henrich (the German nobleman of Oct 19),COR_SOPHIE_BRAHE,50020436,family,departure,Sophia Brahe and Henrich departed to Helsingør,Helsingør,Soph. B. et Henrichus Helsingoram discesserunt.,FRIIS1876,202,212,note located on the page,A
d-1592-12-01-a,1592-12-01,1 Dec 1592,Julian,Georg Brahe,Georg Brahe (Tycho's brother),,,family,arrival,Georg Brahe (one of Tycho's brothers) arrived at Uraniborg,,Georg Brahe venit.,FRIIS1876,204,214,note located on the page,A
d-1593-02-09-a,1593-02-09,9 Feb 1593,Julian,D. Soph.,Sophia Brahe,COR_SOPHIE_BRAHE,50020436,family,arrival,Sophia Brahe arrived at Uraniborg,,D. Soph. venit.,FRIIS1876,206,216,note located on the page,A
d-1593-02-11-a,1593-02-11,11 Feb 1593,Julian,Soph.,Sophia Brahe,COR_SOPHIE_BRAHE,50020436,family,departure,"Sophia Brahe departed (together with Tycho, who went to Lund on academic business)",,Th. et Soph. ab.,FRIIS1876,206,216,note located on the page,A
d-1593-04-10-a,1593-04-10,10 Apr 1593,Julian,Nobilis a Henrico Ranz.,A nobleman sent by Heinrich Rantzau,,,nobility,arrival,A nobleman came bearing recommendation from Heinrich Rantzau,,Nobilis a Henrico Ranz.,FRIIS1876,208,218,note located on the page,B
d-1593-04-12-a,1593-04-12,12 Apr 1593,Julian,Civis Gorliciensis,A citizen of Görlitz,,,unknown,arrival,A citizen of Görlitz arrived at Uraniborg,Görlitz,Civis Gorliciensis huc venit.,FRIIS1876,208,218,note located on the page,A
d-1593-04-13-a,1593-04-13,13 Apr 1593,Julian,Paulus pharmacop.; nobilis Germanus; frater Arnoldi,Paulus the apothecary; an unnamed German nobleman; Arnold's brother,,,merchant,arrival,Paulus the apothecary arrived from Helsingør with a German nobleman and Arnold's brother,Helsingør,Paulus qiaçfzax. Helsinyora venit eum nobili quodam Germano et fratre Arnoldi.,FRIIS1876,208,218,note located on the page,B
d-1593-04-26-a,1593-04-26,26 Apr 1593,Julian,Uxor præfecti Coronensis,Wife of the prefect of Kronborg,,,nobility,arrival,Wife of the Kronborg prefect was present at Uraniborg,Kronborg,Uxor præfecti Coronensis adfuit.,FRIIS1876,209,219,note located on the page,A
d-1593-04-28-a,1593-04-28,28 Apr 1593,Julian,Claudius van Anfelt,Claudius van Anfelt,,,unknown,arrival,Claudius van Anfelt arrived at Uraniborg,,Venit Claudius van Anfelt.,FRIIS1876,209,219,note located on the page,A
d-1593-05-09-a,1593-05-09,9 May 1593,Julian,Tornillo,Tornillo (staff member at Uraniborg; given name only),,,staff,death,Death of Tornillo at Uraniborg,,Obiit diem suum Tornillo..,FRIIS1876,210,220,note located on the page,A
d-1593-05-28-a,1593-05-28,28 May 1593,Julian,Johannes Rongel; Georg Tych.,"Johannes Rongel (chemist-nobleman, surname uncertain); Georg Tychonides (Tycho's son) departed for Sorø school",,,scholar,arrival,"Johannes Rongel, a nobleman-chemist, arrived in the evening; Georg Tychonides was simultaneously sent to Sorø school",,Georg Tych. Soram mittitur scholæ inaugurandus. Johannes Rongel (?) chymysta nob. venit vesperi.,FRIIS1876,211,221,note located on the page,B
d-1593-05-30-a,1593-05-30,30 May 1593,Julian,D. Gellius,Gellius Sascerides (Tycho's assistant and physician; 'D.' = Dominus),COR_GELLIUS_SASCERIDES,,scholar,arrival,Gellius Sascerides arrived at Uraniborg,,Venit D. Gellius.,FRIIS1876,211,221,note located on the page,A
d-1593-06-09-a,1593-06-09,9 Jun 1593,Julian,D. Gellius,Gellius Sascerides,COR_GELLIUS_SASCERIDES,,scholar,departure,Gellius Sascerides departed,,Recessit D. Gellius.,FRIIS1876,211,221,note located on the page,A
d-1593-06-24-a,1593-06-24,24 Jun 1593,Julian,Sophia B.,Sophia Brahe,COR_SOPHIE_BRAHE,50020436,family,arrival,Sophia Brahe arrived at Uraniborg,,Venit Sophia B.,FRIIS1876,211,221,note located on the page,A
d-1593-08-02-a,1593-08-02,2 Aug 1593,Julian,Holandus I. D. I. V.,,,,unknown,arrival,A Dutchman with initials I.D.I.V. arrived at Uraniborg,Holland,Holandus I. (?) D. I V. hue appulit.,FRIIS1876,213,223,note located on the page,C
d-1593-08-04-a,1593-08-04,4 Aug 1593,Julian,Legatus Joh. Ducis Holsatiæ; Alberto,"Legatus (envoy) of Duke Johann of Holstein, named Alberto",,,envoy,arrival,"The envoy of Duke Johann of Holstein, named Alberto, was present at Uraniborg",Holstein,"Legatus Joh. Ducis Holsatiæ hic fuit, cui nomen Alberto.",FRIIS1876,213,223,note located on the page,A
d-1593-09-23-a,1593-09-23,23 Sep 1593,Julian,D. G.; D. Sop.,Gellius Sascerides; Sophia Brahe,COR_GELLIUS_SASCERIDES,,family,departure,Gellius Sascerides and Sophia Brahe departed,,Abiit D. G. et D. Sop.,FRIIS1876,214,224,note located on the page,A
d-1593-10-03-a,1593-10-03,3 Oct 1593,Julian,D. Nicol. Krag; vxor,D. Nicolaus Krag with his wife,COR_NIELS_KRAG,,scholar,arrival,Nicolaus Krag arrived with his wife; he was a Danish physician and humanist scholar,,D. Nicol. Krag venit cum vxore.,FRIIS1876,215,225,note located on the page,A
d-1593-10-05-a,1593-10-05,5 Oct 1593,Julian,D. N.,D. Nicolaus (Krag),COR_NIELS_KRAG,,scholar,departure,Nicolaus Krag departed,,Abiit D. N.,FRIIS1876,215,225,note located on the page,A
d-1593-11-03-a,1593-11-03,3 Nov 1593,Julian,Gallus quidam,,,,unknown,arrival,An unnamed Frenchman arrived at Uraniborg,France,Venit Gallus quidam.,FRIIS1876,215,225,note located on the page,A
d-1593-11-06-a,1593-11-06,6 Nov 1593,Julian,Filius David Johannis H.,"Son of David Johannes H. (bishop's son from Norway; footnote identifies as Christopher, son of bishop of Oslo)",,,student,arrival,"Son of David Johannes H. arrived with his tutor from Rostock; footnote identifies him as Christopher, son of the bishop of Oslo",Rostock,Filius David Johannis H. venit cum suo præceptore Rostochio.,FRIIS1876,215,225,note located on the page,B
d-1594-01-12-a,1594-01-12,12 Jan 1594,Julian,D. Gellius,Gellius Sascerides,COR_GELLIUS_SASCERIDES,,scholar,arrival,Gellius Sascerides arrived at Uraniborg,,D. Gellius venit.,FRIIS1876,216,226,note located on the page,A
d-1594-02-15-a,1594-02-15,15 Feb 1594,Julian,Typographus,,,,unknown,arrival,A printer (typographus) arrived at Uraniborg; possibly connected with the Uranienborg printing press,,Venit Typographic.,FRIIS1876,217,227,note located on the page,B
d-1594-05-02-a,1594-05-02,2 May 1594,Julian,S. B.; D. G.,Sophia Brahe; Gellius Sascerides,COR_SOPHIE_BRAHE,50020436,family,arrival,Tycho returned from Copenhagen with Sophia Brahe and Gellius Sascerides,Copenhagen,Rediit D. Tycho Hafnia cum S. B. et D. G.,FRIIS1876,217,227,note located on the page,A
d-1594-06-25-a,1594-06-25,25 Jun 1594,Julian,Soph. B.,Sophia Brahe,COR_SOPHIE_BRAHE,50020436,family,arrival,Sophia Brahe arrived at Uraniborg,,Venit Soph. B.,FRIIS1876,218,228,note located on the page,A
d-1594-06-28-a,1594-06-28,28 Jun 1594,Julian,Soph. B.,Sophia Brahe,COR_SOPHIE_BRAHE,50020436,family,departure,Sophia Brahe departed,,Abiit Soph. B.,FRIIS1876,218,228,note located on the page,A
d-1594-07-04-a,1594-07-04,4 Jul 1594,Julian,Hans Lindenov; Tusannus Gallus,Hans Lindenow (Danish nobleman); Tusanus the Frenchman,,,nobility,arrival,"Tycho returned overnight with Hans Lindenow, Gellius Sascerides, and Tusanus the Frenchman",Helsingør,Per hanc noctem rediit D. T. cum Hans Lindenov et D. G. cum Tussano Gall.,FRIIS1876,218,228,note located on the page,A
d-1594-07-05-a,1594-07-05,5 Jul 1594,Julian,Johannes Lindenow,Johannes Lindenow,,,nobility,departure,Johannes Lindenow departed,,Abiit Johannes Lindenow.,FRIIS1876,219,229,note located on the page,A
d-1594-07-07-a,1594-07-07,7 Jul 1594,Julian,Tusannus; M. Nicolaus Harner,Tusanus (French visitor); Magister Nicolaus Harner,,,unknown,departure,Tusanus said farewell and departed for France together with Magister Nicolaus Harner,France,Valedic. Tusannus et abiit in Galliam cum M. Nicolao Harnero.,FRIIS1876,219,229,note located on the page,A
d-1594-07-16-a,1594-07-16,16 Jul 1594,Julian,duo Studiosi Virtemberg.,"Two students from Württemberg, one noble, one Magister",,,student,arrival,"Two Württemberg students arrived and departed the same day: one was noble, the other a Magister",Württemberg,"Venere duo Studiosi Virtemberg: unus eorum nobilis, alter vero M. abierunt.",FRIIS1876,219,229,note located on the page,A
d-1594-07-19-a,1594-07-19,19 Jul 1594,Julian,Isaac Peitersz pater Johan.,"Isaac Peitersz (father of Johannes Peitersz, Tycho's assistant)",,,unknown,arrival,"Isaac Peitersz, father of Johannes, arrived in the evening",,Venil Isaac Peitersz pater Johan: per vesperas.,FRIIS1876,220,230,note located on the page,A
d-1594-09-18-a,1594-09-18,18 Sep 1594,Julian,D. G.; Magnus Bart.,Gellius Sascerides; Magnus Bartholin (Danish physician-humanist),COR_GELLIUS_SASCERIDES,,scholar,arrival,Gellius Sascerides and Magnus Bartholin arrived from a wedding,,Venit D. G. Magnus Bart. a nupt. C.,FRIIS1876,224,234,note located on the page,A
d-1594-09-20-a,1594-09-20,20 Sep 1594,Julian,Ditløff Hoick,Ditloff Hoick,,,nobility,arrival,Ditloff Hoick arrived at Uraniborg,,Venil Ditløff Hoick.,FRIIS1876,224,234,note located on the page,A
d-1594-09-21-a,1594-09-21,21 Sep 1594,Julian,D. H.,Ditloff Hoick,,,nobility,departure,Ditloff Hoick departed the day after his arrival,,Abiit D. H.,FRIIS1876,224,234,note located on the page,A
d-1594-10-08-a,1594-10-08,8 Oct 1594,Julian,Johan. Coltzouius,Johannes Coltzov,,,unknown,arrival,Johannes Coltzov arrived at Uraniborg,,Venit Johan: Coltzouius.,FRIIS1876,225,235,note located on the page,A
d-1594-10-16-a,1594-10-16,16 Oct 1594,Julian,D. G.; Jehan. Worm.,"Gellius Sascerides; Johannes Worm (Danish physician, later antiquary)",COR_GELLIUS_SASCERIDES,,scholar,arrival,Gellius Sascerides and Johannes Worm arrived from Copenhagen,Copenhagen,Venit D. G. Jehan: Worm: Hafniæ.,FRIIS1876,225,235,note located on the page,A
d-1594-10-30-a,1594-10-30,30 Oct 1594,Julian,D. Joh. Wensosil,D. Johannes Wensøsil,,,unknown,arrival,D. Johannes Wensøsil arrived at Uraniborg,,Venit D. Joh. Wensosil.,FRIIS1876,226,236,note located on the page,A
d-1594-12-04-a,1594-12-04,4 Dec 1594,Julian,S. B.,Sophia Brahe,COR_SOPHIE_BRAHE,50020436,family,arrival,Tycho returned from Copenhagen with his sister Sophia Brahe,Copenhagen,Rediit T. B. cum sorore S. B.,FRIIS1876,228,238,note located on the page,A
d-1594-12-05-a,1594-12-05,5 Dec 1594,Julian,S. B.,Sophia Brahe,COR_SOPHIE_BRAHE,50020436,family,departure,Sophia Brahe departed the day after arriving,,Abiit S. B.,FRIIS1876,228,238,note located on the page,A
d-1595-06-22-a,1595-06-22,22 Jun 1595,Julian,T. B.,Tycho Brahe (returned from Jutland),TYCHO,49235888,staff,arrival,Tycho returned in the evening from Jutland,Jutland,Hac vesp. rediit T. B. fran Judtland.,FRIIS1876,236,246,note located on the page,A
d-1595-06-23-a,1595-06-23,23 Jun 1595,Julian,S. B.; D. Niels Krag; Jens Mule,"Sophia Brahe; D. Niels Krag; Jens Mule (Krag's brother-in-law, later physician in Odense)",COR_SOPHIE_BRAHE,50020436,family,arrival,"Sophia Brahe, D. Niels Krag, and Jens Mule arrived; footnote identifies Mule as Krag's brother-in-law",,Venit S. B. et D. Niels Krag cum Jens Mule.,FRIIS1876,236,246,note located on the page,A
d-1595-06-25-a,1595-06-25,25 Jun 1595,Julian,S. B.; D. N. K.; M. And. Foss; Petrus Jacobi,Sophia Brahe departed; D. Niels Krag departed; M. Anders Foss (Bishop of Bergen) and Petrus Jacobi arrived,COR_SOPHIE_BRAHE,,clergy,departure,Sophia Brahe and Niels Krag departed; M. Anders Foss bishop of Bergen and Petrus Jacobi arrived on the same day,,"Abierunt S. B. D. N. K. Venere M. And. Foss, episcop. Bergensis et Petrus Jacobi.",FRIIS1876,236,246,note located on the page,A
d-1595-08-08-a,1595-08-08,8 Aug 1595,Julian,duo nobiles studiosi,"Two noble students, one from Austria, one from Livonia",,,student,arrival,"Two noble students arrived: one from Austria, one from Livonia",,"Venere duo nobiles studiosi, unus ex Austria, alter Liffland:",FRIIS1876,238,248,note located on the page,A
d-1595-08-09-a,1595-08-09,9 Aug 1595,Julian,studiosi prædicti,The two noble students (Austrian and Livonian),,,student,departure,The two noble students departed the day after arrival,,Abiere studiosi prædicti.,FRIIS1876,238,248,note located on the page,A
d-1595-09-08-a,1595-09-08,8 Sep 1595,Julian,M. And. Foss,"Magister Anders Foss, Bishop of Bergen",,,clergy,arrival,Tycho returned from Copenhagen with boys (his sons) and Bishop Anders Foss of Bergen,Copenhagen,Rediit T. B. cum pueris Haf. et M. And. Foss.,FRIIS1876,239,249,note located on the page,A
d-1595-09-21-a,1595-09-21,21 Sep 1595,Julian,S. B.,Sophia Brahe,COR_SOPHIE_BRAHE,50020436,family,arrival,Sophia Brahe arrived at Uraniborg,,Venit S. B.,FRIIS1876,239,249,note located on the page,A
d-1595-09-22-a,1595-09-22,22 Sep 1595,Julian,S. B.,Sophia Brahe,COR_SOPHIE_BRAHE,50020436,family,departure,Sophia Brahe departed the day after her arrival,,Abiit S. B.,FRIIS1876,239,249,note located on the page,A
d-1595-10-15-a,1595-10-15,15 Oct 1595,Julian,Christ. Longomont.; Benedicht Tröcker; Chatharina; Marrine,"Christoph Longomontanus (Tycho's principal assistant); Benedikt Tröcker (printer Laurents Benedict, per footnote); Catharina; Marrine",LONGO,32099097,astronomer,arrival,"Longomontanus returned with Benedikt Tröcker (the printer Laurents Benedict), Catharina, and Marrine; footnote identifies Tröcker as the celebrated printer",,Rediit Christ. Longomont. cum eo Benedicht Tröcker et Chatharina cum Marrine.,FRIIS1876,240,250,note located on the page,A
d-1595-11-07-a,1595-11-07,7 Nov 1595,Julian,Axil Gyldenstiers,Axel Gyldenstierne,COR_AXEL_GYLDENSTIERNE,,nobility,arrival,Axel Gyldenstierne arrived at Uraniborg,,Axil Gyldenstiers.,FRIIS1876,241,251,note located on the page,A
d-1595-11-10-a,1595-11-10,10 Nov 1595,Julian,Axillus,Axel Gyldenstierne,COR_AXEL_GYLDENSTIERNE,,nobility,departure,Axel Gyldenstierne departed,,Abiit Axillus.,FRIIS1876,241,251,day's entry on the page,A
d-1595-11-27-a,1595-11-27,27 Nov 1595,Julian,Sophia Brade,Sophia Brahe,COR_SOPHIE_BRAHE,50020436,family,arrival,Sophia Brahe arrived at Uraniborg,,Venit Sophia Brade.,FRIIS1876,241,251,note located on the page,A
d-1595-11-29-a,1595-11-29,29 Nov 1595,Julian,D. Nicolaus Kragius; frater; Magister Jonas; Magnus Barth.; Magist. Nicolaus Hammer,D. Nicolaus Krag; his brother; Magister Jonas (Jacobsen Venusinus per footnote); Magnus Bartholin; Magister Nicolaus Hammer (Hemmingsen's grandson per footnote),COR_NIELS_KRAG,,scholar,arrival,Invited guests arrived for the upcoming wedding of Johannes and Martin the sexton,,"Venerunt vocati ad nuptias D. Nicolaus Kragius ejus frater cum Magistro Jona Magno Barth, et Magist. Nicolao Hammer.",FRIIS1876,241,251,note located on the page,A
d-1595-11-30-a,1595-11-30,30 Nov 1595,Julian,,,,,,event,Wedding of D. Johannes and Martin the church sexton at Uraniborg,,Nuptiæ D. Joannis et Martini æditui.,FRIIS1876,241,251,note located on the page,A
d-1595-12-03-a,1595-12-03,3 Dec 1595,Julian,M. Jonas,"Magister Jonas (Jacobsen Venusinus, per footnote)",COR_JON_JACOBSEN_VENUSINUS,,scholar,departure,Master Jonas departed in the morning,,Discessit M. Jonas mane.,FRIIS1876,242,252,note located on the page,A
d-1595-12-04-a,1595-12-04,4 Dec 1595,Julian,Sophia Braa; Mag. Nicolaus Hammer,Sophia Brahe; Magister Nicolaus Hammer,COR_SOPHIE_BRAHE,50020436,family,departure,Sophia Brahe and Magister Nicolaus Hammer departed,,Discessit Sophia Braa et Mag. Nicolaus Hammer.,FRIIS1876,242,252,note located on the page,A
d-1596-02-06-a,1596-02-06,6 Feb 1596,Julian,Storchelmannus,Hans Stockelmann (printer or bookseller; identified in footnote),,,merchant,arrival,"Hans Stockelmann, printer or bookseller, arrived in the evening; identified in footnote",,Venit sub vesperam Storchelmannus.,FRIIS1876,244,254,note located on the page,A
d-1596-03-16-a,1596-03-16,16 Mar 1596,Julian,quidam tritorum,,,,staff,death,One of the grain-grinders killed himself at Uraniborg,,Interfecit seipse quidam tritorum.,FRIIS1876,246,256,note located on the page,A
d-1596-04-08-a,1596-04-08,8 Apr 1596,Julian,Børge Throlle,"Børge Trolle (of Trolholm, the later Holsteinborg; identified in footnote)",,,nobility,arrival,Børge Trolle arrived at Uraniborg; footnote identifies him as Børge Trolle of Trolholm,,Børge Throlle.,FRIIS1876,247,257,note located on the page,A
d-1596-04-09-a,1596-04-09,9 Apr 1596,Julian,Børge Throlle,Børge Trolle,,,nobility,departure,Børge Trolle departed with Pergele and student Jacobus,,"Discessit Børge Trolle, Pergele cum Jacobo studioso.",FRIIS1876,247,257,note located on the page,A
d-1596-04-14-a,1596-04-14,14 Apr 1596,Julian,Isaacus Petri,"Isaac Peitersz (assistant at Uraniborg, son of Isaac Peitersz senior)",,,scholar,arrival,Returned from Copenhagen with Isaac Petri; note records that Christian conferred with Tycho about departure (from Hven),Copenhagen,"Hafnia redit cum Isaaco Petri, actum a Christierno cum Tychone de discessu.",FRIIS1876,247,257,note located on the page,A
d-1596-05-08-a,1596-05-08,8 May 1596,Julian,Elias Olai,Elias Olai (distinct from Elias Olsen Morsing who died in 1590),,,unknown,arrival,Elias Olai arrived at Uraniborg,,Elias Olai.,FRIIS1876,248,258,note located on the page,B
d-1596-05-12-a,1596-05-12,12 May 1596,Julian,Magister Andreas Foss; uxor; filia; licentiatus medicus Henricus,"Magister Anders Foss, Bishop of Bergen, with his wife and daughter; and a licensed physician named Henricus",,,clergy,arrival,"Bishop Anders Foss of Bergen arrived with his wife, daughter, and a licensed physician named Henricus",,Magister Andreas Foss cum uxore et filia et licentiato quodam medico Henrico nomine.,FRIIS1876,249,259,note located on the page,A
d-1596-05-14-a,1596-05-14,14 May 1596,Julian,Docter Jonas Medicus,"Doctor Jonas Medicus (possibly Jonas Carisius, per footnote)",,,scholar,arrival,Doctor Jonas Medicus arrived; footnote suggests possibly Jonas Carisius,,Docter Jonas Medicas.,FRIIS1876,249,259,note located on the page,B
d-1596-05-16-a,1596-05-16,16 May 1596,Julian,Magnus Gøe,Magnus Gøe,,,nobility,arrival,Magnus Gøe arrived at Uraniborg,,Magnus Gøe.,FRIIS1876,249,259,note located on the page,A
d-1596-05-17-a,1596-05-17,17 May 1596,Julian,Episcopus,Bishop Anders Foss of Bergen,,,clergy,departure,The bishop (Foss) departed after his stay,,Discessit episcopus.,FRIIS1876,249,259,note located on the page,A
d-1596-05-18-a,1596-05-18,18 May 1596,Julian,Magnus Gøe; studiosus Germanus ex Prussia,Magnus Gøe; an unnamed German student from Prussia,,,nobility,departure,Magnus Gøe and a German student from Prussia departed,,"Discessit Magnus Gøe, studiosus Germanus ex Prussia.",FRIIS1876,249,259,note located on the page,A
d-1596-05-24-a,1596-05-24,24 May 1596,Julian,Vilhelmus Batauius,Willem Janszoon Blaeu (Dutch cartographer and globe-maker; identified in Rettelser p. 249 citing Baudet 1871),BLAEU,59248003,scholar,departure,Willem Blaeu departed for Holland after spending the whole winter at Uraniborg; Rettelser confirms identity as Blaeu,Holland,Abiit domum in Hollandiam Vilhelmus Batauius cum per integram hyemem hic fuisset.,FRIIS1876,249,259,note located on the page,A
d-1596-06-20-a,1596-06-20,20 Jun 1596,Julian,Magister Christophorus Ceruinus; Johannes Paludanus,"Magister Christoph Cervinus (later Catholic priest in Tønsberg, per footnote); Johannes Paludanus",,,scholar,arrival,Magister Christopher Cervinus and Johannes Paludanus arrived; footnote notes Cervinus later became a Catholic,,Magister Christophorus Ceruinus. Johannes Paludanus.,FRIIS1876,251,261,note located on the page,A
d-1596-06-21-a,1596-06-21,21 Jun 1596,Julian,Petrus Jacobi,Petrus Jacobi,,,unknown,arrival,Petrus Jacobi arrived at Uraniborg,,Petrus Jacobi.,FRIIS1876,251,261,note located on the page,A
d-1596-06-26-a,1596-06-26,26 Jun 1596,Julian,Petrus Jacobi,Petrus Jacobi,,,unknown,departure,Petrus Jacobi departed,,Discessit Petrus Jacobi.,FRIIS1876,251,261,note located on the page,A
d-1596-06-30-a,1596-06-30,30 Jun 1596,Julian,Sophia Brahe; filius; Magistr. Olaus Brenderus,"Sophia Brahe; her son (Tage Thott?); Magister Olaus Brenderus (died abroad shortly after, per footnote)",COR_SOPHIE_BRAHE,50020436,family,arrival,Sophia Brahe arrived with her son and Magister Olaus Brenderus; footnote notes Brenderus died abroad some years later,,Sophia Brahe cum filio et Magist. Olao Brender.,FRIIS1876,252,262,note located on the page,A
d-1596-07-02-a,1596-07-02,2 Jul 1596,Julian,Sophia Brahe; reliqui,Sophia Brahe and the rest of her party,COR_SOPHIE_BRAHE,50020436,family,departure,Sophia Brahe and her party departed,,Discessit Sophia Brahe et reliqui.,FRIIS1876,252,262,note located on the page,A
d-1596-07-26-a,1596-07-26,26 Jul 1596,Julian,Magister Andreas Fossius; filius consulis Dantiscani,Magister Andreas Foss (Bishop of Bergen); the son of a Danzig (Gdańsk) councillor,,,clergy,arrival,Bishop Anders Foss and the son of a Danzig councillor arrived,Danzig,Magister Andreas Fossius et filius cujusdam consulis Dantiscani.,FRIIS1876,253,263,note located on the page,A
d-1596-08-05-a,1596-08-05,5 Aug 1596,Julian,Mathemat.-Astrologus senex a Ranzovio,An elderly mathematician-astrologer recommended by Heinrich Rantzau,,,scholar,arrival,"An elderly mathematician-astrologer arrived, recommended by Heinrich Rantzau",,Mathemat - Astrologus quidam senex commendatus a Ranzovio.,FRIIS1876,253,263,note located on the page,B
d-1596-08-15-a,1596-08-15,15 Aug 1596,Julian,studiosus Germanus a Landgravio; Joannes Danus,An unnamed German student recommended by the Landgrave of Hesse-Kassel; a Danish student named Joannes,,,student,arrival,"Tycho returned from Copenhagen with two students: one German recommended by the Landgrave, one Danish named Joannes",Copenhagen,"Rediit Tycho Hafnia, cum eo duo studiosi, alter Germanus commendatus a Landgravio, alter Danus, Joannes nomine.",FRIIS1876,254,264,note located on the page,A
d-1596-08-19-a,1596-08-19,19 Aug 1596,Julian,Sophia Brahe,Sophia Brahe,COR_SOPHIE_BRAHE,50020436,family,arrival,Sophia Brahe arrived by night at Uraniborg,,Sophia Brahe noctu venit.,FRIIS1876,254,264,note located on the page,A
d-1596-08-29-a,1596-08-29,29 Aug 1596,Julian,Rex Christianus IV,Christian IV of Denmark,CHR4,71427706,royalty,event,"Coronation of Christian IV recorded in the diary (event occurred in Copenhagen, not on Hven; Tycho and familia were in Copenhagen)",Copenhagen,Coronatur Rex Christianus IV.,FRIIS1876,255,265,note located on the page,A
d-1596-09-09-a,1596-09-09,9 Sep 1596,Julian,Mathematicus administratoris Brandenburgensis,Mathematician of the administrator of Brandenburg (identity unknown),,,scholar,arrival,The mathematician of the Brandenburg administrator arrived at Uraniborg after Tycho's return from Copenhagen,Brandenburg,Mathematicus administratoris Brandenburgensis.,FRIIS1876,255,265,note located on the page,B
d-1596-09-15-a,1596-09-15,15 Sep 1596,Julian,Robertus Scotus,"Robert (the Scot); identity uncertain, probably a Scottish student or assistant",,,scholar,arrival,"Tycho returned from Copenhagen with Robertus Scotus, a Scotsman",Copenhagen,Rediit Tycho Hafniam cum Roberto Scoto.,FRIIS1876,255,265,note located on the page,A
d-1596-09-21-a,1596-09-21,21 Sep 1596,Julian,Sophia Brade; filius,Sophia Brahe with her son,COR_SOPHIE_BRAHE,50020436,family,arrival,Sophia Brahe arrived with her son,,Sophia Brade cum filio.,FRIIS1876,255,265,note located on the page,A
d-1596-09-24-a,1596-09-24,24 Sep 1596,Julian,Tychonis soror,Sophia Brahe (Tycho's sister),COR_SOPHIE_BRAHE,50020436,family,departure,Tycho's sister Sophia Brahe departed,,Discessit Tychonis soror.,FRIIS1876,255,265,note located on the page,A
d-1596-10-25-a,1596-10-25,25 Oct 1596,Julian,Christiernus; Petrus Jacobi,Christiernus (Longomontanus?); Petrus Jacobi,,,scholar,arrival,Christiernus and Petrus Jacobi returned to Uraniborg,,Rediit Christiernus cum Petro Jacobi.,FRIIS1876,257,267,note located on the page,B
d-1596-11-13-a,1596-11-13,13 Nov 1596,Julian,studiosus Germanus Philippus nomine,An unnamed German student named Philip,,,student,arrival,Tycho returned with a German student named Philip,,"Rediit Tycho cum studioso quodam Germano, Philippo nomine.",FRIIS1876,258,268,day's entry on the page,A
d-1596-12-07-a,1596-12-07,7 Dec 1596,Julian,Eschyllus Bilde,Eschillus Bilde (Esger Bild),,,nobility,arrival,Eschillus Bilde arrived at Uraniborg,,Eschyllus Bilde.,FRIIS1876,258,268,note located on the page,A
d-1596-12-09-a,1596-12-09,9 Dec 1596,Julian,Eschyllus Bilde,Eschillus Bilde,,,nobility,departure,Eschillus Bilde departed,,Discessit Eschyllus Bilde.,FRIIS1876,259,269,note located on the page,A
d-1596-12-29-a,1596-12-29,29 Dec 1596,Julian,Slangendoph,"Slangendorph (staff member or visitor; footnote says Vinding, Regia Acad. Hafn. gives date 27 Dec)",,,unknown,death,Death of Slangendorph; footnote gives date as 27 December in other sources,,Mortuus est Slangendoph.,FRIIS1876,259,269,note located on the page,B
d-1597-01-07-a,1597-01-07,7 Jan 1597,Julian,Roberto,Robertus Scotus,,,scholar,departure,Tycho departed to Scania with Roberto (the Scot),Scania,Abiit Tycho in Scaniam cum Roberto.,FRIIS1876,260,270,note located on the page,A
d-1597-02-21-a,1597-02-21,21 Feb 1597,Julian,duo typographi,Two printers,,,unknown,arrival,Two printers arrived at Uraniborg; probably connected with the Uranienborg press,,Venerunt duo typographi.,FRIIS1876,262,272,note located on the page,A
d-1597-02-24-a,1597-02-24,24 Feb 1597,Julian,mercator Germanus Hafniensis,An unnamed German merchant from Copenhagen,,,merchant,arrival,Tycho returned from Copenhagen with a German merchant,Copenhagen,Rediit Tycho cum mercatore quodam Germano Hafniensi.,FRIIS1876,262,272,note located on the page,A
d-1597-03-18-a,1597-03-18,18 Mar 1597,Julian,R.,Robertus Scotus (probable),,,scholar,departure,R. (probably Robertus Scotus) departed to the king; Tycho also departed to Copenhagen on the same day; end of the regular Hven period approaching,Copenhagen,Abeunt R. ad Reg. — Abiit Tycho Hafniam.,FRIIS1876,263,273,note located on the page,B
d-1597-04-11-a,1597-04-11,11 Apr 1597,Julian,,,,,,event,First entry into the new Copenhagen museum (Tycho's familia has relocated from Hven; the Hven period has ended),Copenhagen,Primum ingressi sumus novum Musœum Hafniense.,FRIIS1876,263,273,note located on the page,A
d-1597-04-20-a,1597-04-20,20 Apr 1597,Julian,Steno; Axillus,"Steno; Axillus (Axel, probably Axel Gyldenstierne)",,,unknown,arrival,Steno and Axillus were with Tycho (at the new Copenhagen location),Copenhagen,Steno et Axillus apud Tychonem.,FRIIS1876,263,273,note located on the page,B
