no,record_key,author,title,imprint_place,year,type,subject,status,confidence,attested_by,shelfmark,institution,catalogue_record,facsimile
1,e-mort-tuwien-alphonsine,(Alfonso X) — Alphonsine Tables,Tabulae Alphonsinae,,"1492 (Venice: Hamman, ed. Santritter)",Printed Book,Astronomy/Tables,Located,A,Mortensen 1955,Tresor 7704 I (TU Wien Hauptbibliothek),TU Wien University Library,https://catalogplus.tuwien.at/primo-explore/fulldisplay?docid=UTW_alma21135674100003336&vid=UTW,
2,e-letter-geographi-hoeschel,(ancient geographers; ed. David Hoeschel),"Geographica — ancient minor Greek geographers, newly first-published (incl. Scylax of Caryanda)",Augsburg,1600,Printed Book,Geography,"Attested, not located",B,Correspondence and later literature,,,,
3,e-mainx-eight,(eight unidentified authors),"[Eight unidentified Tycho-owned books, superexlibris and autograph marginalia, found in a Prague monastery, 1943]",,,Printed Book,(various),"Attested, not located",B,Mortensen 1955,,,,
4,e-letter-methodius-revelatio,(Pseudo-)Methodius,Revelatio (Revelationes Methodii) — a manuscript copy made for Tycho,,1600,Manuscript,Prophecy/History,Attested; retired as unlocatable,B,Correspondence and later literature,,,,
5,e-mort-rohsska-prachtband,(unidentified — a gilt-supralibros Prachtband),A Tycho gilt-supralibros Prachtband (title not identified),,,Printed Book,,Located,A,Mortensen 1955,(inventory number not recorded),Röhsska Museum,,
6,e-orphan-wroclaw,(unspecified),"[Tychoniana reported at Wrocław University Library, Głombiowski 1955 — no title established]",,,Printed Book,(various),Attested; retired as unlocatable,C,Correspondence and later literature,,,,
7,e-prandtlA-08,[Anonymous compilation],"Artis divinatricis, quam astrologiam seu judiciariam vocant, encomia et patrocinia",Paris (Chr. Wechel),1549,Printed Book,Astronomy/Astrology/Mathematics,Located,A,Prandtl 1932,Sign. 14 J 190,National Library of the Czech Republic (Clementinum),https://aleph.nkp.cz/F/?func=direct&doc_number=000162802&local_base=STT,https://www.manuscriptorium.com/apps/index.php?direct=record&pid=NKCR__-NKCR__14_J_000190_3JP8VIC-cs
8,e-prandtlA-21,[Anonymous] (Peurbach; Joannes de Gmunden),Contenta in hoc libello: Arithmetica communis; Proportiones breves; De latitudinibus formarum; Algorithmus Georgii Peurbachii in integris; Algorithmus Joannis de Gmunden de minutiis physicis (defective),,,Printed Book,Astronomy/Astrology/Mathematics,Located,A,Prandtl 1932,Sign. 14 F 8,National Library of the Czech Republic (Clementinum),https://aleph.nkp.cz/F/?func=direct&doc_number=000155813&local_base=STT,
9,e-norlind-ortelius-theatrum,Abraham Ortelius,Theatrum orbis terrarum,Antwerp,1570,Printed Book,Geography/Cartography,Attested; retired as unlocatable,B,Norlind 1970,,,,
10,e-norlind-scultetus-sphaericorum,"Abraham Scultetus (with Bartholomäus Pitiscus, Trigonometria)",Sphaericorum libri tres ... Accessit ... tractatus brevis Pitisci,Heidelberg,1595,Printed Book,Mathematics (trigonometry),"Attested, not located",B,Norlind 1970,,,,
11,e-kl-40,"Agricola, Georgius",De ortu et causis subterraneorum libri V.,,,Printed Book,,Located,A,Kleinschnitzová 1933,Sign. 17 A 45,National Library of the Czech Republic (Clementinum),https://aleph.nkp.cz/F/?func=direct&doc_number=000090352&local_base=STT,https://www.manuscriptorium.com/apps/index.php?direct=record&pid=NKCR__-NKCR__17_A_000045_3B5178C-cs
12,e-prandtlA-48,"Agrippa von Nettesheim, H.C.","Opera, tomus primus",Lyon,1550,Printed Book,Letters/Philosophy,Located,A,Prandtl 1932,"(Prandtl Verzeichnis B, Band XX; shelfmark not recorded)",National Library of the Czech Republic (Clementinum),,
13,e-ghost-albategnius-arabic,al-Battani (Albategnius),De motu stellarum — a corrected/Arabic edition Tycho sought (1598-1600),,,Printed Book,Astronomy,Attested; retired as unlocatable,C,Correspondence and later literature,,,,
14,e-norlind-durer-imagines,"Albrecht Dürer (Stabius, Heinfogel)",Imagines coeli meridionales/septentrionales (star charts),Nürnberg,1515,Printed Book,Star charts,Attested; retired as unlocatable,C,Norlind 1970,,,,
15,e-prandtlA-01,Albubater,Liber Genethliacus sive de nativitatibus,Nürnberg,1540,Printed Book,Astronomy/Astrology/Mathematics,Located,A,Prandtl 1932,Sign. 14 F 16,National Library of the Czech Republic (Clementinum),https://aleph.nkp.cz/F/?func=direct&doc_number=000155904&local_base=STT,https://www.manuscriptorium.com/apps/index.php?direct=record&pid=NKCR__-NKCR__14_F_000016_38YQ7E9-cs
16,e-kl-16,Alfraganus,Rudimenta astronomica Alfragani. Item Albategnius astronomus peritissimus de motu stellarum ...,,,Printed Book,,Located,A,Kleinschnitzová 1933,Sign. 14 J 28,National Library of the Czech Republic (Clementinum),https://aleph.nkp.cz/F/?func=direct&doc_number=000157386&local_base=STT,https://www.manuscriptorium.com/apps/index.php?direct=record&pid=NKCR__-NKCR__14_J_000028_0K7OGI2-cs
17,e-norlind-alhazen-opticae,"Alhazen (Ibn al-Haytham), ed. F. Risner (with Vitellio)",Opticae thesaurus. Alhazeni Arabis libri VII ... Item Vitellonis libri X,Basel,1572,Printed Book,Optics,Attested; retired as unlocatable,C,Norlind 1970,,,,
18,e-prandtlA-04,"Apianus, Petrus",Pronunciata centum super Instrumento novo Primi Mobilis,,,Printed Book,Astronomy/Astrology/Mathematics,Located,A,Prandtl 1932,Sign. 14 A 63,National Library of the Czech Republic (Clementinum),https://aleph.nkp.cz/F/?func=direct&doc_number=000100065&local_base=STT,
19,e-prandtlA-02,"Apianus, Petrus",Astronomicum Caesareum,Ingolstadt,1540,Printed Book,Astronomy/Astrology/Mathematics,Located,A,Prandtl 1932,"(Prandtl Verzeichnis B, Band VI; shelfmark not recorded)",Forschungsbibliothek Gotha,,
20,e-prandtlA-03,"Apianus, Petrus",Cosmographia (per Gemma Frisium),Paris,1553,Printed Book,Astronomy/Astrology/Mathematics,Located,A,Prandtl 1932,"(Prandtl Verzeichnis B, Band II; shelfmark not recorded)","Private / untraced (incl. American collectors via Mortensen/Martayan Lan; formerly Antiquariat Weiß & Co., Munich)",,
21,e-norlind-apollonius-conica,Apollonius of Perga,"Conicorum libri IV (prob. Commandino, Bologna 1566; or Memmo, Venice 1537)",Bologna,1566,Printed Book,Mathematics,"Attested, not located",B,Norlind 1970,,,,
22,e-prandtlA-49,Apollonius Rhodius,"Argonautica (transl. Valentinus Rotmarus), 2 issues",Basel,1572,Printed Book,Letters/Philosophy,Located,A,Prandtl 1932,Sign. 5 J 103,National Library of the Czech Republic (Clementinum),https://aleph.nkp.cz/F/?func=direct&doc_number=000002620&local_base=STT,
23,e-norlind-aratus-phaenomena,Aratus (ed. Morel),"Phaenomena et Prognostica (Cicero, Avienus, Germanicus) ... Hygini Astronomicon",Cologne,1569,Printed Book,Astronomical poetry,Attested; retired as unlocatable,C,Norlind 1970,,,,
24,e-prandtlA-05,Archimedes,"Archimedis Syracusani philosophi ac geometrae excellentissimi opera, quae quidem extant, omnia",Basel,1544,Printed Book,Astronomy/Astrology/Mathematics,Located,A,Prandtl 1932,Sign. 5 C 31,National Library of the Czech Republic (Clementinum),https://aleph.nkp.cz/F/?func=direct&doc_number=000011736&local_base=STT,https://www.manuscriptorium.com/apps/index.php?direct=record&pid=NKCR__-NKCR__5_C_000031__29S4MH3-cs
25,e-prandtlA-06,Archimedes,Archimedis Syracusani opera,Basel,1548,Printed Book,Astronomy/Astrology/Mathematics,Attested; retired as unlocatable,A,Prandtl 1932,,,,
26,e-prandtlA-07,Aristoteles (Lefèvre d'Étaples),"Meteorologia Aristotelis, Jacobi Fabri paraphrasi explanata",Nürnberg,1512,Printed Book,Astronomy/Astrology/Mathematics,Located,A,Prandtl 1932,Sign. 14 F 8,National Library of the Czech Republic (Clementinum),https://aleph.nkp.cz/F/?func=direct&doc_number=000155813&local_base=STT,
27,e-kl-27d,Augustinus Valesius (Agostino Valese),De terrae motu liber,,1571,Printed Book,Natural philosophy (earthquakes),Located,B,Šolc 2002,Sign. 5 H 65,National Library of the Czech Republic (Clementinum),https://aleph.nkp.cz/F/?func=direct&doc_number=000057198&local_base=STT,https://www.manuscriptorium.com/apps/index.php?direct=record&pid=NKCR__-NKCR__5_H_000065__2VCWBT9-cs
28,e-kl-47,"Bayrus, Petrus",De medendis humani corporis malis Enchiridion,,,Printed Book,,Located,A,Kleinschnitzová 1933,Sign. 18 J 318,National Library of the Czech Republic (Clementinum),https://aleph.nkp.cz/F/?func=direct&doc_number=000103679&local_base=STT,
29,e-kl-34,"Bellantius, Lucius",De astrologica veritate liber Quaestionum.,,,Printed Book,,Located,A,Kleinschnitzová 1933,Sign. 14 A 66,National Library of the Czech Republic (Clementinum),https://aleph.nkp.cz/F/?func=direct&doc_number=000100032&local_base=STT,https://www.manuscriptorium.com/apps/index.php?direct=record&pid=NKCR__-NKCR__14_A_000066_4F42JB7-cs
30,e-nkp102-bianchini-tepla,"Bianchini, Giovanni",Tabulae astronomicae (ed. Luca Gaurico),Venice,1526,Printed Book,Ephemerides/Tables,Located,B,NKP owner index,Teplá C 107,Teplá Monastery (Klášter Teplá),https://aleph.nkp.cz/F/?func=direct&doc_number=000005829&local_base=STT,
31,e-prandtlA-10,"Brucaeus, Henricus",Henrici Brucaei de motu primo libri tres,Rostock,1573,Printed Book,Astronomy/Astrology/Mathematics,Located,A,Prandtl 1932,Sign. 14 K 70,National Library of the Czech Republic (Clementinum),https://aleph.nkp.cz/F/?func=direct&doc_number=000157951&local_base=STT,https://www.manuscriptorium.com/apps/index.php?direct=record&pid=NKCR__-NKCR__14_K_000070_2RIHJWB-cs
32,e-prandtlA-11,"Cardanus, Hieronymus","Libelli duo: unus de supplemento almanach, alter de restitutione temporum et motuum coelestium",Nürnberg (Petreius),1543,Printed Book,Astronomy/Astrology/Mathematics,Located,A,Prandtl 1932,Sign. 14 F 16,National Library of the Czech Republic (Clementinum),https://aleph.nkp.cz/F/?func=direct&doc_number=000155904&local_base=STT,https://www.manuscriptorium.com/apps/index.php?direct=record&pid=NKCR__-NKCR__14_F_000016_38YQ7E9-cs
33,e-norlind-peucer-dimensione,Caspar Peucer,De dimensione terrae et geometrice numerandis locorum intervallis,Wittenberg,1550,Printed Book,Geodesy/Geometry,Attested; retired as unlocatable,C,Norlind 1970,,,,
34,e-prandtlA-12,"Christmann, Jacob",Observationum solarium libri tres,Basel,1601,Printed Book,Astronomy,Located,A,Prandtl 1932,Sign. 14 J 164/adl.1,National Library of the Czech Republic (Clementinum),https://aleph.nkp.cz/F/?func=direct&doc_number=000162744&local_base=STT,https://www.manuscriptorium.com/apps/index.php?direct=record&pid=NKCR__-NKCR__14_J_000164_1BQMXVA-cs
35,e-letter-clavius-sacrobosco,Christoph Clavius,In Sphaeram Ioannis de Sacro Bosco commentarius,,,Printed Book,Astronomy (Sphere),"Attested, not located",B,Correspondence and later literature,,,,
36,e-letter-clavius-gnomonice,Christoph Clavius,Gnomonice (Gnomonices libri octo),Vienna,1581,Printed Book,Gnomonics/Sundials,"Attested, not located",B,Correspondence and later literature,,,,
37,e-norlind-sturtz-oratiochytraei,Christoph Sturtz (Sturcius),Oratio memoria D. Chytraei,Rostock,1600,Printed Book,Oration/panegyric,"Attested, not located",B,Norlind 1970,,,,
38,e-norlind-sturtz-orationes,Christoph Sturtz (Sturcius),Orationes aliquot virtutis ac prudentiae civilis exempla proponentes,Rostock,1601,Printed Book,Oration/panegyric,"Attested, not located",B,Norlind 1970,,,,
39,e-letter-ptolemy-almagest-venice,Claudius Ptolemy,"Almagest (old Venetian edition, c. 1515)",,1515,Printed Book,Astronomy,"Attested, not located",B,Correspondence and later literature,,,,
40,e-kl-27,Claudius Ptolemy (Commandino ed.),"De analemmate (Commandino ed., Rome 1562)",,1562,Printed Book,Astronomy/Gnomonics,Located,A,Kleinschnitzová 1933,Sign. 5 H 65,National Library of the Czech Republic (Clementinum),https://aleph.nkp.cz/F/?func=direct&doc_number=000057198&local_base=STT,https://www.manuscriptorium.com/apps/index.php?direct=record&pid=NKCR__-NKCR__5_H_000065__2VCWBT9-cs
41,e-prandtlA-13,"Clavius, Christophorus",Novi Calendarii Romani apologia adversus Michaelem Moestlinum,Rome,1588,Printed Book,Astronomy/Astrology/Mathematics,Located,A,Prandtl 1932,Sign. 14 G 30,National Library of the Czech Republic (Clementinum),https://aleph.nkp.cz/F/?func=direct&doc_number=000158840&local_base=STT,https://www.manuscriptorium.com/apps/index.php?direct=record&pid=NKCR__-NKCR__14_G_000030_2ZS4M00-cs
42,e-norlind-gessner-thierbuch,Conrad Gessner,"Thierbuch (German, transl. C. Forer)",Zürich,1563,Printed Book,Natural history/Zoology,"Attested, not located",B,Norlind 1970,,,,
43,e-norlind-lycosthenes-prodigiorum,Conrad Lycosthenes,Prodigiorum ac ostentorum chronicon,Basel,1557,Printed Book,Prodigies/Natural history,"Attested, not located",B,Norlind 1970,,,,
44,e-ging-gemma-characterismis,Cornelius Gemma,"De naturae divinis characterismis, libri II (Antwerp, C. Plantin 1575)",,1575,Printed Book,Natural philosophy,Located,A,Gingerich 2002,(private; no shelfmark),"Private / untraced (incl. American collectors via Mortensen/Martayan Lan; formerly Antiquariat Weiß & Co., Munich)",,
45,e-norlind-gemma-prodigiosa,Cornelius Gemma,De prodigiosa specie naturaque cometae 1577,Antwerp,1578,Printed Book,Astronomy (comet),Attested; retired as unlocatable,C,Norlind 1970,,,,
46,e-norlind-aslaksson-denatura,Cort Aslaksson,De natura caeli triplicis libelli tres,Siegen,1597,Printed Book,Cosmology,"Attested, not located",B,Norlind 1970,,,,
47,e-letter-leovitius-mss,Cyprian Leovitius,Manuscripts at the Fugger Library: Ephemerides; Tabulae directionum resolutae; the great De genethliaca astrologia,,,Manuscript,Astronomy/Astrology,Disputed,D,Correspondence and later literature,,,,
48,e-norlind-cramer-isagoge,Daniel Cramer,Isagoge in Metaphysicam Aristotelis,Hanau,1594,Printed Book,Philosophy/Metaphysics,"Attested, not located",B,Norlind 1970,,,,
49,e-norlind-chytraeus-destella,David Chytraeus,De stella inusitata et nova ... et de comato sidere 1577,Rostock,1577,Printed Book,Astronomy (nova/comet),"Attested, not located",B,Norlind 1970,,,,
50,e-norlind-chytraeus-augustana,David Chytraeus,Historia Augustanae confessionis,Frankfurt,1578,Printed Book,Theology/History,"Attested, not located",C,Norlind 1970,,,,
51,e-letter-horst-prognosticon,Dethard Horst (Horstius),Prognosticon de eventu belli Turcici,,1601,Printed Book,Astrology/Prognostic,"Attested, not located",B,Correspondence and later literature,,,,
52,e-norlind-liddel-themata,Duncan Liddel,Themata (Helmstedt 1595),Helmstedt,1595,Printed Book,Astronomy (world-system),"Attested, not located",B,Norlind 1970,,,,
53,e-norlind-morsing-diarium,Elias Olai Morsing,Diarium astrologicum et metheorologicum anni 1586,Uraniborg,1586,Printed Book,Astronomy (Hven observations / almanac),Attested; retired as unlocatable,B,Norlind 1970,,,,
54,e-norlind-roeslin-theorianova,Elias Roeslin (Röslin),Theoria nova coelestium meteoron,Strasbourg,1578,Printed Book,Astronomy (comet),"Attested, not located",B,Norlind 1970,,,,
55,e-prandtlA-45,"Encelius, Christophorus","De re metallica, hoc est de origine, varietate et natura corporum metallicorum, lapidum, gemmarum... libri III",Frankfurt,1557,Printed Book,Natural science,Located,A,Prandtl 1932,Sign. 16 J 38,National Library of the Czech Republic (Clementinum),https://aleph.nkp.cz/F/?func=direct&doc_number=000097276&local_base=STT,https://www.manuscriptorium.com/apps/index.php?direct=record&pid=NKCR__-NKCR__16_J_000038_12FG5HE-cs
56,e-kl-44,Erasmus Roterodamus,Colloquiorum familiarium opus. Basileae 1559.,,,Printed Book,,Located,A,Kleinschnitzová 1933,Sign. 10 G 47,National Library of the Czech Republic (Clementinum),https://aleph.nkp.cz/F/?func=direct&doc_number=000141737&local_base=STT,
57,e-norlind-euclid-clavius,Euclid (ed./comm. Christoph Clavius),Elementorum libri XV (with Clavius' commentary),Rome,1574,Printed Book,Mathematics,"Attested, not located",C,Norlind 1970,,,,
58,e-kl-27b,Federico Commandino,Federici Commandini Urbinatis Liber de horologiorum descriptione,,,Printed Book,Gnomonics,Located,B,Šolc 2002,Sign. 5 H 65,National Library of the Czech Republic (Clementinum),https://aleph.nkp.cz/F/?func=direct&doc_number=000057198&local_base=STT,https://www.manuscriptorium.com/apps/index.php?direct=record&pid=NKCR__-NKCR__5_H_000065__2VCWBT9-cs
59,e-prandtlA-15,"Fernel, Jean (Fernelius)",Joannis Fernelii Ambianatis de proportionibus libri duo,Paris,1528,Printed Book,Astronomy/Astrology/Mathematics,Located,A,Prandtl 1932,Sign. 5 C 31,National Library of the Czech Republic (Clementinum),https://aleph.nkp.cz/F/?func=direct&doc_number=000011736&local_base=STT,https://www.manuscriptorium.com/apps/index.php?direct=record&pid=NKCR__-NKCR__5_C_000031__29S4MH3-cs
60,e-prandtlA-17,"Finaeus, Orontius",De re et praxi geometrica; Cosmographia; Canones astronomici,Paris,1556,Printed Book,Astronomy/Astrology/Mathematics,Located,A,Prandtl 1932,Sign. 14 H 225,National Library of the Czech Republic (Clementinum),https://aleph.nkp.cz/F/?func=direct&doc_number=000160485&local_base=STT,https://www.manuscriptorium.com/apps/index.php?direct=record&pid=NKCR__-NKCR__14_H_000225_0JMJXKC-cs
61,e-prandtlA-16,"Fleischer, Johann",De iridibus doctrina Aristotelis et Vitellionis explicata,Wittenberg,1571,Printed Book,Astronomy/Astrology/Mathematics,Located,A,Prandtl 1932,Sign. 16 J 38,National Library of the Czech Republic (Clementinum),https://aleph.nkp.cz/F/?func=direct&doc_number=000097276&local_base=STT,https://www.manuscriptorium.com/apps/index.php?direct=record&pid=NKCR__-NKCR__16_J_000038_12FG5HE-cs
62,e-norlind-patrizi-novaphilosophia,Francesco Patrizi,Nova de universis philosophia,Ferrara,1591,Printed Book,Natural philosophy,Attested; retired as unlocatable,B,Norlind 1970,,,,
63,e-norlind-valles-sacraphilosophia,Francisco Valles (Vallesius),"De iis quae scripta sunt physice in libris sacris, sive de sacra philosophia",Lyon,1588,Printed Book,Natural philosophy/Theology,Attested; retired as unlocatable,C,Norlind 1970,,,,
64,e-letter-viete-tracts,François Viète (Vieta),Two recently-published tracts (1600) + Opera mathematica (the works Tycho requested),,1600,Printed Book,Mathematics,"Attested, not located",B,Correspondence and later literature,,,,
65,e-prandtlA-18,"Galateus, Antonius",De situ elementorum,Basel,1558,Printed Book,Astronomy/Astrology/Mathematics,Located,A,Prandtl 1932,Sign. 16 J 38,National Library of the Czech Republic (Clementinum),https://aleph.nkp.cz/F/?func=direct&doc_number=000097276&local_base=STT,https://www.manuscriptorium.com/apps/index.php?direct=record&pid=NKCR__-NKCR__16_J_000038_12FG5HE-cs
66,e-prandtlA-19,"Garcaeus, Johannes",Tractatus brevis et utilis de erigendis figuris coeli,Wittenberg,1556,Printed Book,Astronomy/Astrology/Mathematics,Located,A,Prandtl 1932,(Specialsamlingar; no class-mark in the OPAC),Uppsala University Library,https://libris.kb.se/fxqdp8qr4fzxfx8,
67,e-kl-35,"Gauricus, Lucas",Opera omnia.,,,Printed Book,,Located,A,Kleinschnitzová 1933,Sign. 14 B 11,National Library of the Czech Republic (Clementinum),https://aleph.nkp.cz/F/?func=direct&doc_number=000153962&local_base=STT,https://www.manuscriptorium.com/apps/index.php?direct=record&pid=NKCR__-NKCR__14B000011T2_13T6LBB-cs
68,e-prandtlA-20,"Gauricus, Lucas",Tractatus astrologiae judiciariae de nativitatibus,Nürnberg,1540,Printed Book,Astronomy/Astrology/Mathematics,Located,A,Prandtl 1932,Sign. 14 F 16,National Library of the Czech Republic (Clementinum),https://aleph.nkp.cz/F/?func=direct&doc_number=000155904&local_base=STT,https://www.manuscriptorium.com/apps/index.php?direct=record&pid=NKCR__-NKCR__14_F_000016_38YQ7E9-cs
69,e-letter-braun-theatrum,Georg Braun & Frans Hogenberg,Theatrum urbium / Civitates orbis terrarum (the city-atlas; sought the further volumes),,,Printed Book,Geography/Cartography,Attested; retired as unlocatable,C,Correspondence and later literature,,,,
70,e-norlind-busch-nova1572,Georg Busch,[Nova-1572 tracts] Von dem Cometen ... 1572 + the fuller Erfurt 1573 redaction,,1572,Printed Book,Astronomy (nova 1572),"Attested, not located",C,Norlind 1970,,,,
71,e-norlind-rheticus-opuspalatinum,Georg Joachim Rheticus (compl. L.V. Otho),Opus palatinum de triangulis,Neustadt,1596,Printed Book,Trigonometry/Tables,"Attested, not located",C,Norlind 1970,,,,
72,e-norlind-buchanan-sphaera,George Buchanan,Sphaera,,1585,Printed Book,Cosmological poetry,Attested; retired as unlocatable,C,Norlind 1970,,,,
73,e-prandtlA-46,"Gesner, Conrad","De omni rerum fossilium genere, gemmis, lapidibus, metallis",Zürich,1565,Printed Book,Natural science,Located,A,Prandtl 1932,(ex Wilhelm Prandtl collection; HRC call-number not recorded),University of Texas at Austin (Harry Ransom Center),,
74,e-kl-43,"Gesner, Conradus",Bibliotheca instituta et collecta. Tiguri 1574.,,,Printed Book,,Located,A,Kleinschnitzová 1933,Sign. 2 A 8,National Library of the Czech Republic (Clementinum),https://aleph.nkp.cz/F/?func=direct&doc_number=000007643&local_base=STT,https://www.manuscriptorium.com/apps/index.php?direct=record&pid=NKCR__-NKCR__2_A_000008__1YIVXB0-cs
75,e-prague-bruno,Giordano Bruno,"Camoeracensis acrotismus seu Rationes articulorum physicorum (Wittenberg, Z. Crato 1588)",,1588,Printed Book,Natural philosophy/Polemic,Located,A,Šolc 2002,XV K 22 8° (olim 8 I 70),National Library of the Czech Republic (Clementinum),https://www.manuscriptorium.com/apps/index.php?direct=record&pid=NKCR__-NKCR__15_K_000022_3Y95TLC-cs,https://collectiones.manuscriptorium.com/assorted/NKCR__/NKCR__/C/NKCR__-NKCR__15_K_000022_3Y95TLC-cs/
76,e-letter-magini-ephemerides,Giovanni Antonio Magini,Ephemerides coelestium motuum (latest 10-year ed.),,,Printed Book,Ephemerides/Tables,"Attested, not located",B,Correspondence and later literature,,,,
77,e-letter-magini-tabulae1586,Giovanni Antonio Magini,Tabulae novae + Ephemerides (ad calendarii emendationem),Vienna,1585,Printed Book,Ephemerides/Tables,"Attested, not located",B,Correspondence and later literature,,,,
78,e-norlind-magini-tetragonica,Giovanni Antonio Magini,Tabula tetragonica,Venice,1592,Printed Book,Mathematics/Tables,"Attested, not located",B,Norlind 1970,,,,
79,e-norlind-carelli-ephemerides,Giovanni Battista Carelli,Ephemerides ad annos XIX (1557-1575),Venice,1557,Printed Book,Ephemerides/Tables,"Attested, not located",B,Norlind 1970,,,,
80,e-norlind-cardano-rerumvarietate,Girolamo Cardano,De rerum varietate libri XVII,,,Printed Book,Natural philosophy/Encyclopaedia,Attested; retired as unlocatable,C,Norlind 1970,,,,
81,e-norlind-cardano-subtilitate,Girolamo Cardano,De subtilitate libri XXI,,,Printed Book,Natural philosophy/Encyclopaedia,Attested; retired as unlocatable,C,Norlind 1970,,,,
82,e-norlind-fracastoro-homocentrica,Girolamo Fracastoro,Homocentrica,Venice,1538,Printed Book,Cosmology (homocentric spheres),Attested; retired as unlocatable,C,Norlind 1970,,,,
83,e-kl-42,"Glareanus, Henricus",De geographia liber unus. Friburgi Brisgaudiae 1536.,,,Printed Book,,Located,B,Kleinschnitzová 1933,Sign. 19 G 20,National Library of the Czech Republic (Clementinum),https://aleph.nkp.cz/F/?func=direct&doc_number=000082482&local_base=STT,https://www.manuscriptorium.com/apps/index.php?direct=record&pid=NKCR__-NKCR__19_G_000020_1441YV1-cs
84,e-solc-xxxih26,Guillermus Vorillong (Guillaume de Vaurouillon),"Super quattuor libris Sententiarum (with two further bound manuscript texts, one in two hands)",,,Manuscript,Scholastic theology (Sentences commentary),Located,B,Šolc 2002,Sign. XXXI H 26,National Library of the Czech Republic (Clementinum),,
85,e-kl-38,"Haschardus, Petrus",Clypeus astrologicus ... adversus flagellum Francisci Rapardi,,,Printed Book,,Located,A,Kleinschnitzová 1933,Sign. 14 H 105,National Library of the Czech Republic (Clementinum),https://aleph.nkp.cz/F/?func=direct&doc_number=000158057&local_base=STT,
86,e-mort-frederiksborg-agrippa,Heinrich Cornelius Agrippa von Nettesheim,"Opera, tomus I (Lyon, ca. 1550, 8vo)",,1550,Printed Book,Occult philosophy,Located,A,Mortensen 1955,(Tycho Brahe-Montre; inventory number not published),"Museum of National History, Frederiksborg Castle",,
87,e-norlind-rantzau-calendarium,Heinrich Rantzau,Rantzovianum calendarium ad elevationem poli 55 grad.,Hamburg,1590,Printed Book,Calendar/Astrology,"Attested, not located",B,Norlind 1970,,,,
88,e-solc-fk3b,Heinrich Rantzau (Henricus Ranzovius),Astrologicae quaedam praedictiones; adiectus est tractatus De annis climactericis,,,Printed Book,Astrology,Located,B,Šolc 2002,Sign. 1 H 56,National Library of the Czech Republic (Clementinum),https://aleph.nkp.cz/F/?func=direct&doc_number=000019779&local_base=STT,https://www.manuscriptorium.com/apps/index.php?direct=record&pid=NKCR__-NKCR__1_H_000056__0IVXXLA-cs
89,e-norlind-hipparchus-arati,"Hipparchus (ed. princeps, Petrus Victorius)",In Arati et Eudoxi Phaenomena libri III,Florence,1567,Printed Book,Astronomy (Greek),"Attested, not located",C,Norlind 1970,,,,
90,e-norlind-heerbrand-calendario,Jakob Heerbrand,Disputatio de adiaphoris et calendario Gregoriano (resp. Corbinus),Tübingen,1584,Printed Book,Calendar reform,"Attested, not located",B,Norlind 1970,,,,
91,e-mort-kb-calvin-theocritus,Jean Calvin; (bound with) Theocritus,"Calvini Epistolae & responsa (Hanau 1597) bound with Theocriti Idyllia & Epigrammata (gr./lat., Heidelberg 1596)",,1597,Printed Book,Reformed theology/Greek lyric,Located,A,Mortensen 1955,(shelfmark not recorded),Royal Danish Library (Det kongelige Bibliotek),,
92,e-letter-munoz-novastella,Jerónimo Muñoz (Munosius),"Libro del nuevo cometa / De nova stella (Spanish, Valencia 1573)",,1573,Printed Book,Astronomy (nova 1572),"Attested, not located",B,Correspondence and later literature,,,,
93,e-kl39-5-ambianus,Joannes Ambianus,De linearum rectarum per quadratum geometricum dimensionibus,,1563,Printed Book,Mathematics (geometry),Located,A,Norlind 1970,Sign. 14 H 225,National Library of the Czech Republic (Clementinum),https://aleph.nkp.cz/F/?func=direct&doc_number=000160485&local_base=STT,https://www.manuscriptorium.com/apps/index.php?direct=record&pid=NKCR__-NKCR__14_H_000225_0JMJXKC-cs
94,e-letter-carion-directionum,Johann Carion,Libellus de directionum significationibus,,,Printed Book,Astrology (directions),"Attested, not located",B,Correspondence and later literature,,,,
95,e-norlind-heurnius-histori,Johann Heurnius,"Die Histori, Natur und Bedeutniss des erschröcklichen Cometen 1577",Cologne,1577,Printed Book,Astronomy (comet),Attested; retired as unlocatable,C,Norlind 1970,,,,
96,e-letter-angelus-astrolabium,"Johannes Angelus (with Jacobus Angelus, De cometis)","Astrolabium planum; bound/sent with Jacobus Angelus, De cometis",,,Printed Book,Astronomy/Instruments,"Attested, not located",B,Correspondence and later literature,,,,
97,e-kl33-4-caselius,Johannes Caselius,Friderico II. regi Daniae ad regni senatores ἐπιτάφιος (panegyric),,1588,Printed Book,Oration/panegyric,Located,A,Norlind 1970,Sign. 14 A 63,National Library of the Czech Republic (Clementinum),https://aleph.nkp.cz/F/?func=direct&doc_number=000100065&local_base=STT,
98,e-letter-francius-deastris,Johannes Francius,[Liber] de astris,,,Printed Book,Astrology/Astronomy,"Attested, not located",B,Correspondence and later literature,,,,
99,e-norlind-hegelund-themata,Johannes Hegelius (Jens Pedersen Hegelund),Themata pro disputatione quarta psychologiae (praes. Jacobus Cocus),Wittenberg,1599,Printed Book,Philosophy (psychology),"Attested, not located",B,Norlind 1970,,,,
100,e-norlind-kepler-mysterium,Johannes Kepler,Prodromus dissertationum cosmographicarum (Mysterium cosmographicum),Tübingen,1596,Printed Book,Astronomy (cosmology),"Attested, not located",B,Norlind 1970,,,,
101,e-norlind-krabbe-observations,Johannes Krabbe,Manuscript of solar/lunar eclipse observations,Wolfenbüttel,1600,Manuscript,Astronomy (observations),Located,A,Norlind 1970,"GKS 318 2°, fol. 159r",Royal Danish Library (Det kongelige Bibliotek),,
102,e-norlind-praetorius-decometis,Johannes Praetorius,"De cometis qui antea visi sunt et de eo qui ... Novembri apparuit, narratio",Nürnberg,1578,Printed Book,Astronomy (comet),"Attested, not located",C,Norlind 1970,,,,
103,e-kl-30,Johannes Regiomontanus,"In Ptolemaei Magnam Compositionem quam Almagestum vocant, libri XIII",,,Printed Book,,Located,A,Kleinschnitzová 1933,Sign. 7 B 22,National Library of the Czech Republic (Clementinum),https://aleph.nkp.cz/F/?func=direct&doc_number=000047669&local_base=STT,
104,e-norlind-regiomontanus-decometae,Johannes Regiomontanus,De cometae magnitudine longitudineque ... problemata XVI,Nürnberg,1531,Printed Book,Astronomy (comet),"Attested, not located",B,Norlind 1970,,,,
105,e-norlind-regiomontanus-scripta,Johannes Regiomontanus,"Scripta (De Torqueto ... + Peurbach, De quadrato geometrico)",Nürnberg,1544,Printed Book,Astronomy/Instruments,"Attested, not located",B,Norlind 1970,,,,
106,e-norlind-stadius-ephemerides,Johannes Stadius,Ephemerides novae et exactae,Cologne,1556,Printed Book,Ephemerides/Tables,"Attested, not located",B,Norlind 1970,,,,
107,e-norlind-quercetanus-responsio,Joseph Du Chesne (Quercetanus),Ad Iacobi Auberti Vindonis de ortu et causis metallorum ... brevis responsio,,1575,Printed Book,Alchemy/Chymical medicine,Attested; retired as unlocatable,B,Norlind 1970,,,,
108,e-corr-scaliger-books,Joseph Justus Scaliger,"Two books from Scaliger + his hand-annotated Greek Hipparchus (In Arati et Eudoxi Phaenomena commentaria, ed. pr. Victorius, Florence 1567)",,,Printed Book,Astronomy,"Attested, not located",B,Correspondence and later literature,,,,
109,e-letter-scaliger-praecessione,Joseph Justus Scaliger,Diatriba de praecessione aequinoctiorum,,,Printed Book,Astronomy/Chronology,Attested; retired as unlocatable,C,Correspondence and later literature,,,,
110,e-letter-scaliger-emendatione,Joseph Justus Scaliger,"De emendatione temporum (revised ed.; Leiden, Plantin 1598)",,1598,Printed Book,Chronology,"Attested, not located",B,Correspondence and later literature,,,,
111,e-mort-lipsius-de-constantia-lost,Justus Lipsius,De constantia,,,Printed Book,Philosophy (Stoic),Lost,B,Mortensen 1955,,,,
112,e-nkp102-kepler-stella-nova,"Kepler, Johannes",De stella nova in pede serpentarii,Prague,1606,Printed Book,Astronomy (nova),Collection afterlife,B,NKP owner index,Sign. 14 J 199,National Library of the Czech Republic (Clementinum),https://aleph.nkp.cz/F/?func=direct&doc_number=000162606&local_base=STT,https://www.manuscriptorium.com/apps/index.php?direct=record&pid=NKCR__-NKCR__14_J_000199_3571D08-cs
113,e-kl-23,"Magini, Giovanni Antonio","Geographiae universae tum veteris tum novae absolutissimum opus (Ptolemy, ed. Magini), 2 vols",,1597,Printed Book,,Located,A,Kleinschnitzová 1933,Sign. 19 C 92,National Library of the Czech Republic (Clementinum),https://aleph.nkp.cz/F/?func=direct&doc_number=000084823&local_base=STT,https://www.manuscriptorium.com/apps/index.php?direct=record&pid=NKCR__-NKCR__19C000092P1_0NZ8SH4-cs
114,e-norlind-manilius-astronomicon,Marcus Manilius (ed. J.J. Scaliger),Astronomicon a Jos. Scaligero repurgatum,Leiden,1600,Printed Book,Astronomical poetry,"Attested, not located",B,Norlind 1970,,,,
115,e-norlind-brasch-varadino,Martin Brasch,Carmen epicum de Varadino (manuscript poem),,1600,Manuscript,Poetry,Attested; retired as unlocatable,C,Norlind 1970,,,,
116,e-norlind-everaert-ephemerides,Martin Everaert (Everhardus),Ephemerides novae et exactae 1590-1610 ex novis tabulis Belgicis,Leiden,1597,Printed Book,Ephemerides/Tables,"Attested, not located",B,Norlind 1970,,,,
117,e-norlind-dresser-historialutheri,Matthäus Dresser,Historia Lutheri,Leipzig,1598,Printed Book,History/Theology,"Attested, not located",B,Norlind 1970,,,,
118,e-prandtlA-22,"Maurolycus, Franciscus",Cosmographia,Venice,1543,Printed Book,Astronomy/Astrology/Mathematics,Located,A,Prandtl 1932,Sign. 14 H 190/adl.1,National Library of the Czech Republic (Clementinum),https://aleph.nkp.cz/F/?func=direct&doc_number=000159592&local_base=STT,https://www.manuscriptorium.com/apps/index.php?direct=record&pid=NKCR__-NKCR__14_H_000190_2H26VT1-cs
119,e-norlind-jostel-lunae,Melchior Jöstel,Lunae deliquium ad hunc Christi annum 1599,Wittenberg,1599,Printed Book,Astronomy (eclipse),"Attested, not located",B,Norlind 1970,,,,
120,e-norlind-maestlin-frischlin1573,Michael Maestlin,"Demonstratio astronomica loci stellae novae (in Frischlin, Consideratio novae stellae, Tübingen 1573)",Tübingen,1573,Printed Book,Astronomy (nova),Attested; retired as unlocatable,C,Norlind 1970,,,,
121,e-norlind-maestlin-observatio1578,Michael Maestlin,Observatio et demonstratio cometae aetherei 1577-1578,Tübingen,1578,Printed Book,Astronomy (comet),"Attested, not located",B,Norlind 1970,,,,
122,e-norlind-maestlin-ephemerides,Michael Maestlin,Ephemerides novae 1577-1590,Tübingen,1580,Printed Book,Ephemerides/Tables,Attested; retired as unlocatable,B,Norlind 1970,,,,
123,e-norlind-maestlin-consideratio1580,Michael Maestlin,Consideratio et observatio cometae aetherei 1580,Heidelberg,1581,Printed Book,Astronomy (comet),"Attested, not located",B,Norlind 1970,,,,
124,e-norlind-maestlin-calendarii,Michael Maestlin,Ausführlicher und gründlicher Bericht von der Jahrrechnung (de emendatione Calendarii),Heidelberg,1583,Printed Book,Calendar reform,"Attested, not located",B,Norlind 1970,,,,
125,e-prandtlA-23,"Mizaldus, Antonius",Cometographia,Paris,1549,Printed Book,Astronomy/Astrology/Mathematics,Located,A,Prandtl 1932,Sign. 14 J 190,National Library of the Czech Republic (Clementinum),https://aleph.nkp.cz/F/?func=direct&doc_number=000162802&local_base=STT,https://www.manuscriptorium.com/apps/index.php?direct=record&pid=NKCR__-NKCR__14_J_000190_3JP8VIC-cs
126,e-prandtlA-24,"Moestlin, Michael",Alterum examen novi Pontificalis Gregoriani Calendarii,Tübingen,1586,Printed Book,Astronomy/Astrology/Mathematics,Located,A,Prandtl 1932,Sign. 14 G 30,National Library of the Czech Republic (Clementinum),https://aleph.nkp.cz/F/?func=direct&doc_number=000158840&local_base=STT,https://www.manuscriptorium.com/apps/index.php?direct=record&pid=NKCR__-NKCR__14_G_000030_2ZS4M00-cs
127,e-prandtlA-25,"Naiboda, Valentinus",Primarum de coelo et terra institutionum libri tres,Venice,1573,Printed Book,Astronomy/Astrology/Mathematics,Located,A,Prandtl 1932,Sign. 5 J 2,National Library of the Czech Republic (Clementinum),https://aleph.nkp.cz/F/?func=direct&doc_number=000058701&local_base=STT,https://www.manuscriptorium.com/apps/index.php?direct=record&pid=NKCR__-NKCR__5_J_000002__0TPC701-cs
128,e-norlind-bazelius-prognosticon,Nicolaus Bazelius,Prognosticon novum anni 1578 ... cum descriptione cometae,Antwerp,1578,Printed Book,Astronomy (comet/prognostic),Attested; retired as unlocatable,C,Norlind 1970,,,,
129,e-onb-commentariolus,Nicolaus Copernicus,Commentariolus (De hypothesibus motuum coelestium ... commentariolus) — manuscript,,,Manuscript,Astronomy,Located,C,Norlind 1970,"Cod. 10530 HAN MAG (ÖNB, fol. 32r–42v)",Austrian National Library (Österreichische Nationalbibliothek),http://data.onb.ac.at/rec/AC13945612,
130,e-prague-copernicus,Nicolaus Copernicus,De revolutionibus orbium coelestium (Tycho's library copy),,,Printed Book,Astronomy,Located,A,Šolc 2002,"Sign. 14 B 16 (Kleinschnitzová FK11; De revolutionibus + Rheticus Narratio prima, Basel 1566)",National Library of the Czech Republic (Clementinum),https://aleph.nkp.cz/F/?func=direct&doc_number=000059267&local_base=STT,https://books.google.com/books?vid=NKP:1002391365&printsec=frontcover
131,e-ghost-copernicus-derev-owned,Nicolaus Copernicus,De revolutionibus (a working copy beyond the Clementinum one),,1543,Printed Book,Astronomy,Located,B,Norlind 1970,"Ottoboniana 1902 (De revolutionibus, Nuremberg 1543)",Biblioteca Apostolica Vaticana,https://digi.vatlib.it/view/MSS_Ott.lat.1902,https://digi.vatlib.it/view/MSS_Ott.lat.1902
132,e-norlind-ursus-fundamentum,Nicolaus Reimers Ursus (Bär),"Fundamentum astronomicum, id est nova doctrina sinuum et triangulorum",Strasbourg,1588,Printed Book,Astronomy (world-system),"Attested, not located",B,Norlind 1970,,,,
133,e-norlind-ursus-hypothesibus,Nicolaus Reimers Ursus (Bär),"De astronomicis hypothesibus, seu de systemate mundano",Prague,1597,Printed Book,Astronomy (world-system polemic),"Attested, not located",B,Norlind 1970,,,,
134,e-mort-niels-krag-laced-lost,Niels Krag,Republica Lacedaemoniorum (1593) — copy with Tycho's autograph distichs,,1593,Printed Book,History/Antiquity,Lost,B,Mortensen 1955,,,,
135,e-kl39-6-finaeus-speculo,Oronce Finé (Orontius Finaeus),De speculo ustorio liber unicus,,1551,Printed Book,Mathematics/Optics (burning mirrors),Located,A,Norlind 1970,Sign. 14 H 225,National Library of the Czech Republic (Clementinum),https://aleph.nkp.cz/F/?func=direct&doc_number=000160485&local_base=STT,https://www.manuscriptorium.com/apps/index.php?direct=record&pid=NKCR__-NKCR__14_H_000225_0JMJXKC-cs
136,e-prandtlA-50,"Osius, Hieronymus",Historia excidii Hierosolymitani versibus elegiacis,Wittenberg,1558,Printed Book,Letters/Philosophy,Located,A,Prandtl 1932,(Specialsamlingar; no class-mark in the OPAC),Uppsala University Library,https://libris.kb.se/fxqdp8qr4fzxfx8,
137,e-prandtlA-27,"Paduanus, Joannes",Viridarium Mathematicorum,Venice,,Printed Book,Astronomy/Astrology/Mathematics,Located,A,Prandtl 1932,Sign. 14 K 70,National Library of the Czech Republic (Clementinum),https://aleph.nkp.cz/F/?func=direct&doc_number=000157951&local_base=STT,https://www.manuscriptorium.com/apps/index.php?direct=record&pid=NKCR__-NKCR__14_K_000070_2RIHJWB-cs
138,e-prandtlA-26,"Paduanus, Joannes",Opera,Venice,1563,Printed Book,Astronomy/Astrology/Mathematics,Located,A,Prandtl 1932,Sign. 14 H 190/adl.1,National Library of the Czech Republic (Clementinum),https://aleph.nkp.cz/F/?func=direct&doc_number=000159592&local_base=STT,https://www.manuscriptorium.com/apps/index.php?direct=record&pid=NKCR__-NKCR__14_H_000190_2H26VT1-cs
139,e-solc-fk32b,Pantaleon Candidus,De regibus Bohemicis libri quinque,,1587,Printed Book,History (Bohemia),Located,B,Šolc 2002,Sign. 9 B 135,National Library of the Czech Republic (Clementinum),https://aleph.nkp.cz/F/?func=direct&doc_number=000138339&local_base=STT,
140,e-norlind-paracelsus-biblia,Paracelsus (Theophrastus von Hohenheim),Commentationes in integra Biblia (manuscript),,,Manuscript,Theology/Alchemy,Disputed,C,Norlind 1970,,,,
141,e-norlind-paulus-alexandrinus,Paulus Alexandrinus,Eisagoge eis ten apotelesmatiken seu Rudimenta in doctrinam de praedictis natalitiis ex Henrici Rantzovii bibliotheca primum graece et latine edita et nunc denuo correcta,,Wittenberg 1588,Printed Book,Astrology (genethlialogy),Attested; retired as unlocatable,B,Norlind 1970,,,,
142,e-mort-kb-flemlose,Peder Jacobsen Flemløse,Ægloga de eclipsi solari anno 1574 ... futura,,1574,Printed Book,Astronomy (eclipse),Disputed,C,Mortensen 1955,Hielmst. 1226 4° (KB),Royal Danish Library (Det kongelige Bibliotek),https://soeg.kb.dk/discovery/fulldisplay?docid=alma99122482174605763&context=L&vid=45KBDK_KGL:KGL,
143,e-norlind-flemlose-astrologia-da,Peder Jacobsen Flemløse,En elementisch oc jordisch Astrologia (Danish),Uraniborg,1591,Printed Book,Astrology/meteorology (weather-prognostic rules),Attested; retired as unlocatable,B,Norlind 1970,,,,
144,e-norlind-flemlose-astrologia-de,Peder Jacobsen Flemløse,Ein elementisch und irdische Astrologia (German translation),Uraniborg,1591,Printed Book,Astrology/meteorology (weather-prognostic rules),Attested; retired as unlocatable,B,Norlind 1970,,,,
145,e-norlind-nunes-navigandi,Pedro Nunes (Nonius),De arte atque ratione navigandi libri II,,,Printed Book,Navigation/Mathematics,Attested; retired as unlocatable,B,Norlind 1970,,,,
146,e-norlind-nunes-crepusculis,Pedro Nunes (Nonius),"De crepusculis liber unus (with Alhazen, De causis crepusculorum)",Lisbon,1542,Printed Book,Optics/Astronomy,Attested; retired as unlocatable,C,Norlind 1970,,,,
147,e-kl-31,"Peletarius, Jacobus",Commentarii tres.,,,Printed Book,,Located,A,Kleinschnitzová 1933,Sign. 7 B 25,National Library of the Czech Republic (Clementinum),https://aleph.nkp.cz/F/?func=direct&doc_number=000047686&local_base=STT,
148,e-ging-apianus-wittich,Peter Apianus,Astronomicum Caesareum (Ingolstadt 1540) — Tycho's presentation copy to Paul Wittich,,1540,Printed Book,Astronomy,Located,A,Gingerich 2002,(Special Collections; shelfmark not recorded),University of Chicago Library,,
149,e-ging-apianus-tbo1583,Peter Apianus (bound with Johann Schöner),"Astronomicum Caesareum (Ingolstadt 1540), bound with Schöner's equatorium (Nürnberg 1521)",,1540,Printed Book,Astronomy/Instruments,Located,A,Gingerich 2002,(private; no shelfmark),"Private / untraced (incl. American collectors via Mortensen/Martayan Lan; formerly Antiquariat Weiß & Co., Munich)",,
150,e-ging-apianus-cosmographia-1561,Petrus Apianus,Cosmographia (1561 edition),,1561,Printed Book,Geography/Cosmography,"Attested, not located",B,Gingerich 2002,,,,
151,e-prandtlA-28,"Peucer, Caspar",Elementa doctrinae de circulis coelestibus et primo motu,Wittenberg,1563,Printed Book,Astronomy/Astrology/Mathematics,Located,A,Prandtl 1932,Sign. 14 K 70,National Library of the Czech Republic (Clementinum),https://aleph.nkp.cz/F/?func=direct&doc_number=000157951&local_base=STT,https://www.manuscriptorium.com/apps/index.php?direct=record&pid=NKCR__-NKCR__14_K_000070_2RIHJWB-cs
152,e-prandtlA-29,"Peurbach, Georg",Tabulae eclypsium Magistri Georgii Peurbachii,Vienna,1514,Printed Book,Astronomy/Astrology/Mathematics,Located,A,Prandtl 1932,Sign. 14 A 63,National Library of the Czech Republic (Clementinum),https://aleph.nkp.cz/F/?func=direct&doc_number=000100065&local_base=STT,
153,e-prandtlA-37,"Peurbach, Georg / Regiomontanus",Tractatus Georgii Peurbachii super propositiones Ptolemaei de sinubus et chordis; compositio tabularum sinuum per Joannem de Regiomonte; tabulae sinuum duplices,Nürnberg,1541,Printed Book,Astronomy/Astrology/Mathematics,Located,A,Prandtl 1932,Sign. 5 C 31,National Library of the Czech Republic (Clementinum),https://aleph.nkp.cz/F/?func=direct&doc_number=000011736&local_base=STT,https://www.manuscriptorium.com/apps/index.php?direct=record&pid=NKCR__-NKCR__5_C_000031__29S4MH3-cs
154,e-kl-27c,Pietro Pitati (Petrus Pitatus),Compendium super annua solaris,,1560,Printed Book,Astronomy/Calendar,Located,B,Šolc 2002,Sign. 5 H 65,National Library of the Czech Republic (Clementinum),https://aleph.nkp.cz/F/?func=direct&doc_number=000057198&local_base=STT,https://www.manuscriptorium.com/apps/index.php?direct=record&pid=NKCR__-NKCR__5_H_000065__2VCWBT9-cs
155,e-prandtlA-30,"Proclus (with Cleomedes, Aratus, Dionysius Afer)",Procli de sphaera liber; Cleomedis de mundo; Arati Phaenomena; Dionysii Afri descriptio orbis habitabilis,Basel,1547,Printed Book,Astronomy/Astrology/Mathematics,Located,A,Prandtl 1932,Sign. 5 J 2,National Library of the Czech Republic (Clementinum),https://aleph.nkp.cz/F/?func=direct&doc_number=000058701&local_base=STT,https://www.manuscriptorium.com/apps/index.php?direct=record&pid=NKCR__-NKCR__5_J_000002__0TPC701-cs
156,e-kl-25,"Proclus, Diadochus",In Claudii Ptolemaei Quadripartitum enarrator ignoti nominis,,,Printed Book,,Located,A,Kleinschnitzová 1933,Sign. 5 B 7,National Library of the Czech Republic (Clementinum),https://aleph.nkp.cz/F/?func=direct&doc_number=000009428&local_base=STT,
157,e-prandtlA-32,"Ptolemaeus, Claudius",Sacratissime astronomie Ptholemei liber diversarum rerum,Venice,1509,Printed Book,Astronomy/Astrology/Mathematics,Located,A,Prandtl 1932,Sign. 14 F 8,National Library of the Czech Republic (Clementinum),https://aleph.nkp.cz/F/?func=direct&doc_number=000155813&local_base=STT,
158,e-prandtlA-31,"Ptolemaeus, Claudius",Claudii Ptolemaei Pelusiensis Alexandrini omnia quae extant opera praeter geographiam,Basel,1551,Printed Book,Astronomy/Astrology/Mathematics,Located,A,Prandtl 1932,Sign. 5 B 70,National Library of the Czech Republic (Clementinum),https://aleph.nkp.cz/F/?func=direct&doc_number=000010571&local_base=STT,https://www.manuscriptorium.com/apps/index.php?direct=record&pid=NKCR__-NKCR__5_B_000070__1M7MM1F-cs
159,e-prandtlA-51,"Ramus, Petrus",Dialectica (+ 2 minor works),Basel,1585,Printed Book,Letters/Philosophy,Located,A,Prandtl 1932,Sign. 12 H 10,National Library of the Czech Republic (Clementinum),https://aleph.nkp.cz/F/?func=direct&doc_number=000147262&local_base=STT,
160,e-prandtlA-33,"Rantzau, Heinrich (Ranzovius)","Henrici Ranzovii catalogus imperatorum regum ac virorum illustrium qui artem astrologicam amarunt, ornarunt et exercuerunt",Leipzig,1584,Printed Book,Astronomy/Astrology/Mathematics,Located,A,Prandtl 1932,Sign. 1 H 56,National Library of the Czech Republic (Clementinum),https://aleph.nkp.cz/F/?func=direct&doc_number=000019779&local_base=STT,https://www.manuscriptorium.com/apps/index.php?direct=record&pid=NKCR__-NKCR__1_H_000056__0IVXXLA-cs
161,e-kl-14,"Regiomontanus, Joannes",Ephemerides ab anno 1482 ad annum 1506,,,Printed Book,,Located,A,Kleinschnitzová 1933,Sign. 14 H 188,National Library of the Czech Republic (Clementinum),,
162,e-prandtlA-35,"Regiomontanus, Joannes",Joannis de Regio Monte de triangulis omnimodis libri quinque,Nürnberg,1533,Printed Book,Astronomy/Astrology/Mathematics,Located,A,Prandtl 1932,Sign. 5 C 31,National Library of the Czech Republic (Clementinum),https://aleph.nkp.cz/F/?func=direct&doc_number=000011736&local_base=STT,https://www.manuscriptorium.com/apps/index.php?direct=record&pid=NKCR__-NKCR__5_C_000031__29S4MH3-cs
163,e-prandtlA-36,"Regiomontanus, Joannes",Joannis de Regiomonte de quadratura circuli dialogus,Nürnberg (Petreius),1533,Printed Book,Astronomy/Astrology/Mathematics,Located,A,Prandtl 1932,Sign. 5 C 31,National Library of the Czech Republic (Clementinum),https://aleph.nkp.cz/F/?func=direct&doc_number=000011736&local_base=STT,https://www.manuscriptorium.com/apps/index.php?direct=record&pid=NKCR__-NKCR__5_C_000031__29S4MH3-cs
164,e-prandtlA-34,"Regiomontanus, Joannes",Joannis de Monte Regio tabulae directionum profectionumque; ejusdem Regiomontani tabula sinuum,Tübingen (Morhardus),1550,Printed Book,Astronomy/Astrology/Mathematics,Located,A,Prandtl 1932,"(Prandtl Verzeichnis B, Band II; shelfmark not recorded)","Private / untraced (incl. American collectors via Mortensen/Martayan Lan; formerly Antiquariat Weiß & Co., Munich)",,
165,e-prandtlA-38,"Reinhold, Erasmus",Initium Canonum Prutenicorum,,,Printed Book,Astronomy/Astrology/Mathematics,Located,A,Prandtl 1932,Sign. 14 J 176,National Library of the Czech Republic (Clementinum),https://aleph.nkp.cz/F/?func=direct&doc_number=000059265&local_base=STT,https://www.manuscriptorium.com/apps/index.php?direct=record&pid=NKCR__-NKCR__14_J_000176_390BS57-cs
166,e-prandtlA-39,"Reinhold, Erasmus",Logistice scrupulorum astronomicorum,,,Printed Book,Astronomy/Astrology/Mathematics,Located,A,Prandtl 1932,Sign. 14 J 176,National Library of the Czech Republic (Clementinum),https://aleph.nkp.cz/F/?func=direct&doc_number=000059265&local_base=STT,https://www.manuscriptorium.com/apps/index.php?direct=record&pid=NKCR__-NKCR__14_J_000176_390BS57-cs
167,e-prandtlA-40,"Reinhold, Erasmus",Prutenicae Tabulae coelestium motuum,Tübingen (Morhardus),1551,Printed Book,Ephemerides/Tables,Located,A,Prandtl 1932,Sign. 14 J 176,National Library of the Czech Republic (Clementinum),https://aleph.nkp.cz/F/?func=direct&doc_number=000059265&local_base=STT,https://www.manuscriptorium.com/apps/index.php?direct=record&pid=NKCR__-NKCR__14_J_000176_390BS57-cs
168,e-kl-20,"Reinholdus, Erasmus",Prutenicae tabulae coelestium motuum.,,,Printed Book,,Located,A,Kleinschnitzová 1933,Sign. 14 J 192,National Library of the Czech Republic (Clementinum),https://aleph.nkp.cz/F/?func=direct&doc_number=000162790&local_base=STT,
169,e-kl-12,"Rheticus, Georg Joachim",Canon doctrinae triangulorum. Lipsiae 1551.,,,Printed Book,,Located,A,Kleinschnitzová 1933,Sign. 14 C 20,National Library of the Czech Republic (Clementinum),https://aleph.nkp.cz/F/?func=direct&doc_number=000059268&local_base=STT,https://www.manuscriptorium.com/apps/index.php?direct=record&pid=NKCR__-NKCR__14_C_000020_0V6OWZB-cs
170,e-prandtlA-41,"Sacrobosco, Joannes de",Sphaera Johannis de Sacrobusto in compendium digesta,,1539,Manuscript,Astronomy/Astrology/Mathematics,Located,A,Prandtl 1932,Sign. VII E 29,National Library of the Czech Republic (Clementinum),https://www.manuscriptorium.com/apis/resolver-api/cs/catalog/default/detail/manuscriptorium|AIPDIG-NKCR__VII_E_29____0QL8AH7-cs,https://www.manuscriptorium.com/apps/index.php?direct=record&pid=AIPDIG-NKCR__VII_E_29____0QL8AH7-cs
171,e-norlind-pagnini-thesaurus,Sante Pagnini,Thesaurus linguae sanctae,Lyon,1529,Printed Book,Hebrew lexicography,Attested; retired as unlocatable,C,Norlind 1970,,,,
172,e-prandtlA-52,"Scaliger, J.C.",De causis linguae latinae libri tres,,1584,Printed Book,Letters/Philosophy,Located,A,Prandtl 1932,Sign. 8 H 39,National Library of the Czech Republic (Clementinum),https://aleph.nkp.cz/F/?func=direct&doc_number=000059271&local_base=STT,https://www.manuscriptorium.com/apps/index.php?direct=record&pid=NKCR__-NKCR__8_H_000039__0MWKNO7-cs
173,e-prandtlA-42,"Scaliger, Joseph Justus",Cyclometriae elementa duo,,1594,Printed Book,Astronomy/Astrology/Mathematics,Located,A,Prandtl 1932,Sign. 14 A 59,National Library of the Czech Republic (Clementinum),https://aleph.nkp.cz/F/?func=direct&doc_number=000099979&local_base=STT,https://books.google.com/books?vid=NKP:1002614025&printsec=frontcover
174,e-kl-41,"Scaliger, Josephus Justus",Opus novum de emendatione temporum,,,Printed Book,,Located,A,Kleinschnitzová 1933,Sign. 19 A 46,National Library of the Czech Republic (Clementinum),https://aleph.nkp.cz/F/?func=direct&doc_number=000082219&local_base=STT,
175,e-kl-17,"Scheiner, Christoph",Pantographice seu Ars delineandi,,1631,Printed Book,,Collection afterlife,A,Kleinschnitzová 1933,Sign. 14 J 164,National Library of the Czech Republic (Clementinum),https://aleph.nkp.cz/F/?func=direct&doc_number=000162740&local_base=STT,https://www.manuscriptorium.com/apps/index.php?direct=record&pid=NKCR__-NKCR__14_J_000164_1BQMXVA-cs
176,e-kl-45,"Scultetus, Bartholomaeus",Cometae anno humanitatis J. C. 1577 ... adparentis descriptio ... Gorlicii 1578.,,,Printed Book,,Located,A,Kleinschnitzová 1933,Sign. 14 F 284,National Library of the Czech Republic (Clementinum),https://aleph.nkp.cz/F/?func=direct&doc_number=000157760&local_base=STT,https://www.manuscriptorium.com/apps/index.php?direct=record&pid=NKCR__-NKCR__14_F_000284_2CBQA22-cs
177,e-prandtlA-43,"Stanhufius, Michael",De meteoris libri duo,Wittenberg,1562,Printed Book,Astronomy/Astrology/Mathematics,Located,A,Prandtl 1932,Sign. 16 J 38,National Library of the Czech Republic (Clementinum),https://aleph.nkp.cz/F/?func=direct&doc_number=000097276&local_base=STT,https://www.manuscriptorium.com/apps/index.php?direct=record&pid=NKCR__-NKCR__16_J_000038_12FG5HE-cs
178,e-prandtlA-44,"Stoeffler, Johann",Calendarium Romanum Magnum,Tübingen,1518,Printed Book,Astronomy/Astrology/Mathematics,Located,A,Prandtl 1932,Sign. 14 A 63,National Library of the Czech Republic (Clementinum),https://aleph.nkp.cz/F/?func=direct&doc_number=000100065&local_base=STT,
179,e-prandtlA-47,Strabo Fuldensis,Hortulus (ad Grymaldum Abbatem),Nürnberg,1512,Printed Book,Natural science,Located,A,Prandtl 1932,Sign. 14 F 8,National Library of the Czech Republic (Clementinum),https://aleph.nkp.cz/F/?func=direct&doc_number=000155813&local_base=STT,
180,e-prandtlA-55,Synesius Cyrenaeus,Oratio ad Arcadium de regno (transl. Camerarius),Leipzig,1555,Printed Book,Letters/Philosophy,Located,A,Prandtl 1932,Sign. 5 G 92,National Library of the Czech Republic (Clementinum),https://aleph.nkp.cz/F/?func=direct&doc_number=000022037&local_base=STT,https://www.manuscriptorium.com/apps/index.php?direct=record&pid=NKCR__-NKCR__5_G_000092__1R9AFP9-cs
181,e-prandtlA-53,Synesius Cyrenaeus,De providentia disputatio (transl. Rudinger),Basel,1557,Printed Book,Letters/Philosophy,Located,A,Prandtl 1932,Sign. 5 G 92,National Library of the Czech Republic (Clementinum),https://aleph.nkp.cz/F/?func=direct&doc_number=000022037&local_base=STT,https://www.manuscriptorium.com/apps/index.php?direct=record&pid=NKCR__-NKCR__5_G_000092__1R9AFP9-cs
182,e-prandtlA-54,Synesius Cyrenaeus,Epistolae graece et latine (ed. Naogeorgus),Basel,1558,Printed Book,Letters/Philosophy,Located,A,Prandtl 1932,Sign. 5 G 92,National Library of the Czech Republic (Clementinum),https://aleph.nkp.cz/F/?func=direct&doc_number=000022037&local_base=STT,https://www.manuscriptorium.com/apps/index.php?direct=record&pid=NKCR__-NKCR__5_G_000092__1R9AFP9-cs
183,e-prandtlA-56,Synesius Cyrenaeus,"Synesii Cyrenaei [De insomniis], interprete Gulielmo Cantero",Basel,1567,Printed Book,Letters/Philosophy,Located,A,Prandtl 1932,Sign. 5 G 92,National Library of the Czech Republic (Clementinum),https://aleph.nkp.cz/F/?func=direct&doc_number=000022037&local_base=STT,https://www.manuscriptorium.com/apps/index.php?direct=record&pid=NKCR__-NKCR__5_G_000092__1R9AFP9-cs
184,e-norlind-hagecius-dialexis,Thaddaeus Hagecius (Hájek),Dialexis de novae et prius incognitae stellae ... apparitione,Frankfurt am Main,1574,Printed Book,Astronomy (nova 1572),"Attested, not located",B,Norlind 1970,,,,
185,e-norlind-hagecius-responsio,Thaddaeus Hagecius (Hájek),Responsio ad ... Hannibalis Raimundi scriptum,Prague,1576,Printed Book,Astronomy (nova polemic),"Attested, not located",B,Norlind 1970,,,,
186,e-norlind-hagecius-descriptio,Thaddaeus Hagecius (Hájek),Descriptio cometae qui apparuit 1577,Prague,1578,Printed Book,Astronomy (comet),"Attested, not located",B,Norlind 1970,,,,
187,e-norlind-hagecius-apodixis,Thaddaeus Hagecius (Hájek),Apodixis physica et mathematica de cometis,Görlitz,1581,Printed Book,Astronomy (comet),"Attested, not located",B,Norlind 1970,,,,
188,e-prandtlA-57,Theodor Zwinger (comp.),Theatri humanae vitae Volumen decimum-octavum [vol. XVIII],Basel,"Basel, 1587",Printed Book,Encyclopaedia/commonplace (humanae vitae),Located,A,Prandtl 1932,(inventory number not recorded),Röhsska Museum,,
189,e-letter-digges-alae,Thomas Digges,Alae seu scalae mathematicae (on the radius/cross-staff),,1573,Printed Book,Astronomy (nova/radius),"Attested, not located",B,Correspondence and later literature,,,,
190,e-kl-46,Thomas Erastus and others,"De cometis dissertationes novae Thom. Erasti, Andr. Dudithii, Marc. Squarcialupi, S. Grynaei",,"[Basel & Heidelberg], 1580",Printed Book,,Located,A,Kleinschnitzová 1933,Sign. 14 H 192,National Library of the Czech Republic (Clementinum),https://aleph.nkp.cz/F/?func=direct&doc_number=000160108&local_base=STT,
191,e-mort-kb-fincke,Thomas Fincke,Geometriae rotundi libri XIIII (Basel 1583),,1583,Printed Book,Mathematics/Geometry,Disputed,C,Mortensen 1955,"LN 599 4 ex.1 (Royal Library, Copenhagen); Hielmst. 1661a 4 (= LN 599 4 ex.2; sammelband with Ursus, Fundamentum astronomicum, Strasbourg 1588)",Royal Danish Library (Det kongelige Bibliotek); Royal Danish Library (Det kongelige Bibliotek),https://soeg.kb.dk/permalink/45KBDK_KGL/i0g9t3/alma99122912629505763,
192,e-corr-hesse-cometobs,"Wilhelm IV, Landgrave of Hesse-Kassel",Observations of the comet of 1577 (sent to Tycho),,,Manuscript,Astronomy,Disputed,C,Correspondence and later literature,,,,
193,e-solc-xivb38,Witelo (Vitellio) & Albrecht Dürer,Vitellionis ... De ratione projecti radiorum lib. X (Nürnberg 1585); bound with Alberti Dureri Geometriae lib. III (Paris 1582),,1585,Printed Book,Optics/Geometry,Located,A,Šolc 2002,Sign. XIV B 38,National Library of the Czech Republic (Clementinum),,
194,e-prandtlA-58,Xenophon,"Xenophontis opera, Latine — Wittenberg edition",Wittenberg,1556,Printed Book,Letters/Philosophy,Located,A,Prandtl 1932,(Specialsamlingar; no class-mark in the OPAC),Uppsala University Library,https://libris.kb.se/fxqdp8qr4fzxfx8,
195,e-kl-7,"Ziegler, Jacobus",Commentarius in C. Plinii de naturalia librum secundum,,,Printed Book,,Located,A,Kleinschnitzová 1933,Sign. 7 B 27,National Library of the Czech Republic (Clementinum),https://aleph.nkp.cz/F/?func=direct&doc_number=000047781&local_base=STT,https://www.manuscriptorium.com/apps/index.php?direct=record&pid=NKCR__-NKCR__7_B_000027__38N9D04-cs
196,e-solc-fk15b,,Antimachus (dialogue),,,Tract,Mathematics (dialogue),Located,C,Šolc 2002,Sign. 14 H 190/adl.1,National Library of the Czech Republic (Clementinum),https://aleph.nkp.cz/F/?func=direct&doc_number=000159592&local_base=STT,https://www.manuscriptorium.com/apps/index.php?direct=record&pid=NKCR__-NKCR__14_H_000190_2H26VT1-cs
197,e-solc-fk21b,,Brevis explicatio doctrinae sinuum (followed by tables),,,Tract,Mathematics (trigonometry),Located,C,Šolc 2002,Sign. 14 K 70,National Library of the Czech Republic (Clementinum),https://aleph.nkp.cz/F/?func=direct&doc_number=000157951&local_base=STT,https://www.manuscriptorium.com/apps/index.php?direct=record&pid=NKCR__-NKCR__14_K_000070_2RIHJWB-cs
198,e-debello-moscovitico,,De bello Moscovitico quod Stephanus rex Poloniae gessit (a surviving Tycho copy),,,Printed Book,History,Disputed,D,Other,,,,
199,e-prandtlA-09,[Anonymous],Introductorium astronomicum,Paris,1517,Printed Book,Astronomy/Astrology/Mathematics,Located,A,Prandtl 1932,Sign. 14 A 63,National Library of the Czech Republic (Clementinum),https://aleph.nkp.cz/F/?func=direct&doc_number=000100065&local_base=STT,
200,e-solc-fk15c,,Nicomedes (dialogue),,,Tract,Mathematics (dialogue),Located,C,Šolc 2002,Sign. 14 H 190/adl.1,National Library of the Czech Republic (Clementinum),https://aleph.nkp.cz/F/?func=direct&doc_number=000159592&local_base=STT,https://www.manuscriptorium.com/apps/index.php?direct=record&pid=NKCR__-NKCR__14_H_000190_2H26VT1-cs
201,e-kl-32,,"Sammelband (Sign. 9 B 135): Alma, Bellum giganteum (Heidelbergae 1588); Candidus, Bohemais (Argentorati 1587)",,,Printed Book,,Located,A,Kleinschnitzová 1933,Sign. 9 B 135,National Library of the Czech Republic (Clementinum),https://aleph.nkp.cz/F/?func=direct&doc_number=000138339&local_base=STT,
202,e-kl-6,,"Sammelband, Sign. 5 G 42: Heron Alexandrinus, Spiritalium liber (Urbino 1575); Werner, Libellus super vigintiduobus elementis conicis (Nuremberg 1522) — with three non-Tychoniana bound in",,,Printed Book,Astronomy & mathematics (Sammelband),Located,A,Kleinschnitzová 1933,Sign. 5 G 42,National Library of the Czech Republic (Clementinum),https://aleph.nkp.cz/F/?func=direct&doc_number=000112045&local_base=STT,
203,e-kl-2,,Tychonis Brahe Brevissimum planimetriae compendium.,,,Manuscript,Astronomy/Mathematics,Located,A,Kleinschnitzová 1933,Sign. XII A 28,National Library of the Czech Republic (Clementinum),,
204,e-kl-1,,Tychonis Brahe Tabulae sinuum.,,,Manuscript,Astronomy/Mathematics,Located,A,Kleinschnitzová 1933,Sign. VI E 9,National Library of the Czech Republic (Clementinum),https://www.manuscriptorium.com/apps/index.php?direct=record&pid=AIPDIG-NKCR__VI_E_9______0TMAVX3-cs,https://collectiones.manuscriptorium.com/assorted/AIPDIG/NKCR__/3/AIPDIG-NKCR__VI_E_9______0TMAVX3-cs/
